mc	mn	quarterbeats	quarterbeats_all_endings	duration_qb	mc_onset	mn_onset	event	timesig	staff	voice	duration	nominal_duration	scalar	chord_id	articulation	staff_text	tempo	qpm	metronome_base	metronome_number	tempo_visible
1	1	0	0	0.0	0	0	Tempo	4/2	1	1	0						ùÖù=50	200.0	ùÖù	50.0	0.0
1	1	0	0	3.0	0	0	Chord	4/2	1	2	3/4	1/2	3/2	0							
1	1	3	3	1.0	3/4	3/4	Chord	4/2	1	2	1/4	1/4	1	1							
1	1	4	4	2.0	1	1	Chord	4/2	1	2	1/2	1/2	1	2							
1	1	6	6	1.0	3/2	3/2	Chord	4/2	1	2	1/4	1/4	1	3							
1	1	7	7	1.0	7/4	7/4	Chord	4/2	1	2	1/4	1/4	1	4							
2	2	8	8	2.0	0	0	Chord	4/2	1	2	1/2	1/2	1	5							
2	2	10	10	2.0	1/2	1/2	Chord	4/2	1	2	1/2	1/2	1	6							
2	2	12	12	1.0	1	1	Chord	4/2	1	2	1/4	1/4	1	7							
2	2	13	13	1.0	5/4	5/4	Chord	4/2	1	2	1/4	1/4	1	8							
2	2	14	14	1.0	3/2	3/2	Chord	4/2	1	2	1/4	1/4	1	9							
2	2	15	15	1.0	7/4	7/4	Chord	4/2	1	2	1/4	1/4	1	10							
3	3	16	16	2.0	0	0	Chord	4/2	1	2	1/2	1/2	1	11							
3	3	18	18	2.0	1/2	1/2	Chord	4/2	1	2	1/2	1/2	1	12							
3	3	20	20	2.0	1	1	Chord	4/2	1	2	1/2	1/2	1	13							
3	3	22	22	1.0	3/2	3/2	Chord	4/2	1	2	1/4	1/4	1	14							
3	3	23	23	1.0	7/4	7/4	Chord	4/2	1	2	1/4	1/4	1	15							
4	4	24	24	3.0	0	0	Chord	4/2	1	1	3/4	1/2	3/2	16							
4	4	27	27	1.0	3/4	3/4	Chord	4/2	1	1	1/4	1/4	1	17							
4	4	28	28	2.0	1	1	Chord	4/2	1	1	1/2	1/2	1	18							
4	4	30	30	1.0	3/2	3/2	Chord	4/2	1	1	1/4	1/4	1	19							
4	4	31	31	1.0	7/4	7/4	Chord	4/2	1	1	1/4	1/4	1	20							
4	4	24	24	1.0	0	0	Chord	4/2	1	2	1/4	1/4	1	21							
4	4	25	25	1.0	1/4	1/4	Chord	4/2	1	2	1/4	1/4	1	22							
4	4	26	26	1.0	1/2	1/2	Chord	4/2	1	2	1/4	1/4	1	23							
4	4	27	27	0.5	3/4	3/4	Chord	4/2	1	2	1/8	1/8	1	24							
4	4	55/2	55/2	0.5	7/8	7/8	Chord	4/2	1	2	1/8	1/8	1	25							
4	4	28	28	1.0	1	1	Chord	4/2	1	2	1/4	1/4	1	26							
4	4	29	29	1.0	5/4	5/4	Chord	4/2	1	2	1/4	1/4	1	27							
4	4	30	30	1.0	3/2	3/2	Chord	4/2	1	2	1/4	1/4	1	28							
4	4	31	31	1.0	7/4	7/4	Chord	4/2	1	2	1/4	1/4	1	29							
5	5	32	32	2.0	0	0	Chord	4/2	1	1	1/2	1/2	1	30							
5	5	34	34	2.0	1/2	1/2	Chord	4/2	1	1	1/2	1/2	1	31							
5	5	36	36	1.0	1	1	Chord	4/2	1	1	1/4	1/4	1	32							
5	5	37	37	1.0	5/4	5/4	Chord	4/2	1	1	1/4	1/4	1	33							
5	5	38	38	1.0	3/2	3/2	Chord	4/2	1	1	1/4	1/4	1	34							
5	5	39	39	1.0	7/4	7/4	Chord	4/2	1	1	1/4	1/4	1	35							
5	5	32	32	3.0	0	0	Chord	4/2	1	2	3/4	1/2	3/2	36							
5	5	35	35	1.0	3/4	3/4	Chord	4/2	1	2	1/4	1/4	1	37							
5	5	36	36	2.0	1	1	Chord	4/2	1	2	1/2	1/2	1	38							
5	5	38	38	1.0	3/2	3/2	Chord	4/2	1	2	1/4	1/4	1	39							
5	5	39	39	1.0	7/4	7/4	Chord	4/2	1	2	1/4	1/4	1	40							
6	6	40	40	2.0	0	0	Chord	4/2	1	1	1/2	1/2	1	41							
6	6	42	42	2.0	1/2	1/2	Chord	4/2	1	1	1/2	1/2	1	42							
6	6	44	44	4.0	1	1	Chord	4/2	1	1	1	1	1	43							
6	6	40	40	1.0	0	0	Chord	4/2	1	2	1/4	1/4	1	44							
6	6	41	41	2.0	1/4	1/4	Chord	4/2	1	2	1/2	1/2	1	45							
6	6	43	43	1.0	3/4	3/4	Chord	4/2	1	2	1/4	1/4	1	46							
6	6	44	44	2.0	1	1	Chord	4/2	1	2	1/2	1/2	1	47							
6	6	46	46	2.0	3/2	3/2	Chord	4/2	1	2	1/2	1/2	1	48							
6	6	46	46	1.0	3/2	3/2	Chord	4/2	2	1	1/4	1/4	1	49							
6	6	47	47	1.0	7/4	7/4	Chord	4/2	2	1	1/4	1/4	1	50							
6	6	44	44	3.0	1	1	Chord	4/2	2	2	3/4	1/2	3/2	51							
6	6	47	47	1.0	7/4	7/4	Chord	4/2	2	2	1/4	1/4	1	52							
7	7	48	48	4.0	0	0	Chord	4/2	1	1	1	1	1	53							
7	7	52	52	4.0	1	1	Chord	4/2	1	1	1	1	1	54							
7	7	48	48	8.0	0	0	Chord	4/2	1	2	2	2	1	55							
7	7	48	48	1.0	0	0	Chord	4/2	2	1	1/4	1/4	1	56							
7	7	49	49	1.0	1/4	1/4	Chord	4/2	2	1	1/4	1/4	1	57							
7	7	50	50	1.0	1/2	1/2	Chord	4/2	2	1	1/4	1/4	1	58							
7	7	51	51	0.5	3/4	3/4	Chord	4/2	2	1	1/8	1/8	1	59							
7	7	103/2	103/2	0.5	7/8	7/8	Chord	4/2	2	1	1/8	1/8	1	60							
7	7	52	52	1.0	1	1	Chord	4/2	2	1	1/4	1/4	1	61							
7	7	53	53	1.0	5/4	5/4	Chord	4/2	2	1	1/4	1/4	1	62							
7	7	54	54	1.0	3/2	3/2	Chord	4/2	2	1	1/4	1/4	1	63							
7	7	55	55	1.0	7/4	7/4	Chord	4/2	2	1	1/4	1/4	1	64							
7	7	48	48	2.0	0	0	Chord	4/2	2	2	1/2	1/2	1	65							
7	7	50	50	2.0	1/2	1/2	Chord	4/2	2	2	1/2	1/2	1	66							
7	7	52	52	1.5	1	1	Chord	4/2	2	2	3/8	1/4	3/2	67							
7	7	107/2	107/2	0.5	11/8	11/8	Chord	4/2	2	2	1/8	1/8	1	68							
7	7	54	54	1.0	3/2	3/2	Chord	4/2	2	2	1/4	1/4	1	69							
7	7	55	55	1.0	7/4	7/4	Chord	4/2	2	2	1/4	1/4	1	70							
8	8	62	62	1.0	3/2	3/2	Chord	4/2	1	1	1/4	1/4	1	71							
8	8	63	63	1.0	7/4	7/4	Chord	4/2	1	1	1/4	1/4	1	72							
8	8	56	56	4.0	0	0	Chord	4/2	1	2	1	1	1	73							
8	8	56	56	2.0	0	0	Chord	4/2	2	1	1/2	1/2	1	74							
8	8	58	58	2.0	1/2	1/2	Chord	4/2	2	1	1/2	1/2	1	75							
8	8	60	60	3.0	1	1	Chord	4/2	2	1	3/4	1/2	3/2	76							
8	8	63	63	1.0	7/4	7/4	Chord	4/2	2	1	1/4	1/4	1	77							
8	8	56	56	1.0	0	0	Chord	4/2	2	2	1/4	1/4	1	78							
8	8	57	57	2.0	1/4	1/4	Chord	4/2	2	2	1/2	1/2	1	79							
8	8	59	59	1.0	3/4	3/4	Chord	4/2	2	2	1/4	1/4	1	80							
8	8	60	60	4.0	1	1	Chord	4/2	2	2	1	1	1	81							
9	9	64	64	1.0	0	0	Chord	4/2	1	1	1/4	1/4	1	82							
9	9	65	65	1.0	1/4	1/4	Chord	4/2	1	1	1/4	1/4	1	83							
9	9	66	66	1.0	1/2	1/2	Chord	4/2	1	1	1/4	1/4	1	84							
9	9	67	67	0.5	3/4	3/4	Chord	4/2	1	1	1/8	1/8	1	85							
9	9	135/2	135/2	0.5	7/8	7/8	Chord	4/2	1	1	1/8	1/8	1	86							
9	9	68	68	1.0	1	1	Chord	4/2	1	1	1/4	1/4	1	87							
9	9	69	69	1.0	5/4	5/4	Chord	4/2	1	1	1/4	1/4	1	88							
9	9	70	70	1.0	3/2	3/2	Chord	4/2	1	1	1/4	1/4	1	89							
9	9	71	71	1.0	7/4	7/4	Chord	4/2	1	1	1/4	1/4	1	90							
9	9	64	64	1.0	0	0	Chord	4/2	2	1	1/4	1/4	1	91							
9	9	65	65	1.0	1/4	1/4	Chord	4/2	2	1	1/4	1/4	1	92							
9	9	66	66	1.0	1/2	1/2	Chord	4/2	2	1	1/4	1/4	1	93							
9	9	67	67	0.5	3/4	3/4	Chord	4/2	2	1	1/8	1/8	1	94							
9	9	135/2	135/2	0.5	7/8	7/8	Chord	4/2	2	1	1/8	1/8	1	95							
9	9	68	68	2.0	1	1	Chord	4/2	2	1	1/2	1/2	1	96							
9	9	70	70	1.0	3/2	3/2	Chord	4/2	2	1	1/4	1/4	1	97							
9	9	71	71	1.0	7/4	7/4	Chord	4/2	2	1	1/4	1/4	1	98							
9	9	64	64	2.0	0	0	Chord	4/2	2	2	1/2	1/2	1	99							
9	9	66	66	2.0	1/2	1/2	Chord	4/2	2	2	1/2	1/2	1	100							
9	9	68	68	4.0	1	1	Chord	4/2	2	2	1	1	1	101							
10	10	72	72	2.0	0	0	Chord	4/2	1	1	1/2	1/2	1	102							
10	10	74	74	2.0	1/2	1/2	Chord	4/2	1	1	1/2	1/2	1	103							
10	10	76	76	4.0	1	1	Chord	4/2	1	1	1	1	1	104							
10	10	72	72	1.0	0	0	Chord	4/2	2	1	1/4	1/4	1	105							
10	10	73	73	2.0	1/4	1/4	Chord	4/2	2	1	1/2	1/2	1	106							
10	10	75	75	1.0	3/4	3/4	Chord	4/2	2	1	1/4	1/4	1	107							
10	10	76	76	4.0	1	1	Chord	4/2	2	1	1	1	1	108							
10	10	72	72	4.0	0	0	Chord	4/2	2	2	1	1	1	109							
10	10	78	78	1.0	3/2	3/2	Chord	4/2	2	2	1/4	1/4	1	110							
10	10	79	79	1.0	7/4	7/4	Chord	4/2	2	2	1/4	1/4	1	111							
11	11	80	80	3.0	0	0	Chord	4/2	1	2	3/4	1/2	3/2	112							
11	11	83	83	1.0	3/4	3/4	Chord	4/2	1	2	1/4	1/4	1	113							
11	11	84	84	2.0	1	1	Chord	4/2	1	2	1/2	1/2	1	114							
11	11	86	86	1.0	3/2	3/2	Chord	4/2	1	2	1/4	1/4	1	115							
11	11	87	87	1.0	7/4	7/4	Chord	4/2	1	2	1/4	1/4	1	116							
11	11	80	80	4.0	0	0	Chord	4/2	2	1	1	1	1	117							
11	11	80	80	1.0	0	0	Chord	4/2	2	2	1/4	1/4	1	118							
11	11	81	81	1.0	1/4	1/4	Chord	4/2	2	2	1/4	1/4	1	119							
11	11	82	82	1.0	1/2	1/2	Chord	4/2	2	2	1/4	1/4	1	120							
11	11	83	83	0.5	3/4	3/4	Chord	4/2	2	2	1/8	1/8	1	121							
11	11	167/2	167/2	0.5	7/8	7/8	Chord	4/2	2	2	1/8	1/8	1	122							
11	11	84	84	1.0	1	1	Chord	4/2	2	2	1/4	1/4	1	123							
11	11	85	85	1.0	5/4	5/4	Chord	4/2	2	2	1/4	1/4	1	124							
11	11	86	86	1.0	3/2	3/2	Chord	4/2	2	2	1/4	1/4	1	125							
11	11	87	87	1.0	7/4	7/4	Chord	4/2	2	2	1/4	1/4	1	126							
12	12	88	88	1.0	0	0	Chord	4/2	1	1	1/4	1/4	1	127							
12	12	89	89	1.0	1/4	1/4	Chord	4/2	1	1	1/4	1/4	1	128							
12	12	90	90	1.0	1/2	1/2	Chord	4/2	1	1	1/4	1/4	1	129							
12	12	91	91	1.0	3/4	3/4	Chord	4/2	1	1	1/4	1/4	1	130							
12	12	92	92	1.0	1	1	Chord	4/2	1	1	1/4	1/4	1	131							
12	12	93	93	0.5	5/4	5/4	Chord	4/2	1	1	1/8	1/8	1	132							
12	12	187/2	187/2	0.5	11/8	11/8	Chord	4/2	1	1	1/8	1/8	1	133							
12	12	94	94	1.0	3/2	3/2	Chord	4/2	1	1	1/4	1/4	1	134							
12	12	95	95	1.0	7/4	7/4	Chord	4/2	1	1	1/4	1/4	1	135							
12	12	88	88	2.0	0	0	Chord	4/2	1	2	1/2	1/2	1	136							
12	12	90	90	1.0	1/2	1/2	Chord	4/2	1	2	1/4	1/4	1	137							
12	12	91	91	1.0	3/4	3/4	Chord	4/2	1	2	1/4	1/4	1	138							
12	12	92	92	4.0	1	1	Chord	4/2	1	2	1	1	1	139							
12	12	88	88	4.0	0	0	Chord	4/2	2	2	1	1	1	140							
12	12	92	92	1.0	1	1	Chord	4/2	2	2	1/4	1/4	1	141							
12	12	93	93	0.5	5/4	5/4	Chord	4/2	2	2	1/8	1/8	1	142							
12	12	187/2	187/2	0.5	11/8	11/8	Chord	4/2	2	2	1/8	1/8	1	143							
12	12	94	94	2.0	3/2	3/2	Chord	4/2	2	2	1/2	1/2	1	144							
13	13	96	96	1.0	0	0	Chord	4/2	1	1	1/4	1/4	1	145							
13	13	97	97	1.0	1/4	1/4	Chord	4/2	1	1	1/4	1/4	1	146							
13	13	98	98	2.0	1/2	1/2	Chord	4/2	1	1	1/2	1/2	1	147							
13	13	100	100	2.0	1	1	Chord	4/2	1	1	1/2	1/2	1	148							
13	13	102	102	2.0	3/2	3/2	Chord	4/2	1	1	1/2	1/2	1	149							
13	13	96	96	8.0	0	0	Chord	4/2	1	2	2	2	1	150							
13	13	102	102	1.0	3/2	3/2	Chord	4/2	2	1	1/4	1/4	1	151							
13	13	103	103	1.0	7/4	7/4	Chord	4/2	2	1	1/4	1/4	1	152							
13	13	96	96	1.0	0	0	Chord	4/2	2	2	1/4	1/4	1	153							
13	13	97	97	2.0	1/4	1/4	Chord	4/2	2	2	1/2	1/2	1	154							
13	13	99	99	2.0	3/4	3/4	Chord	4/2	2	2	1/2	1/2	1	155							
13	13	101	101	1.0	5/4	5/4	Chord	4/2	2	2	1/4	1/4	1	156							
13	13	102	102	2.0	3/2	3/2	Chord	4/2	2	2	1/2	1/2	1	157							
14	14	104	104	4.0	0	0	Chord	4/2	1	1	1	1	1	158							
14	14	108	108	1.0	1	1	Chord	4/2	1	2	1/4	1/4	1	159							
14	14	109	109	1.0	5/4	5/4	Chord	4/2	1	2	1/4	1/4	1	160							
14	14	110	110	1.0	3/2	3/2	Chord	4/2	1	2	1/4	1/4	1	161							
14	14	111	111	1.0	7/4	7/4	Chord	4/2	1	2	1/4	1/4	1	162							
14	14	104	104	2.0	0	0	Chord	4/2	2	1	1/2	1/2	1	163							
14	14	106	106	1.0	1/2	1/2	Chord	4/2	2	1	1/4	1/4	1	164							
14	14	107	107	2.0	3/4	3/4	Chord	4/2	2	1	1/2	1/2	1	165							
14	14	109	109	2.0	5/4	5/4	Chord	4/2	2	1	1/2	1/2	1	166							
14	14	111	111	1.0	7/4	7/4	Chord	4/2	2	1	1/4	1/4	1	167							
14	14	104	104	8.0	0	0	Chord	4/2	2	2	2	2	1	168							
15	15	112	112	1.0	0	0	Chord	4/2	1	2	1/4	1/4	1	169							
15	15	113	113	0.5	1/4	1/4	Chord	4/2	1	2	1/8	1/8	1	170							
15	15	227/2	227/2	0.5	3/8	3/8	Chord	4/2	1	2	1/8	1/8	1	171							
15	15	114	114	1.0	1/2	1/2	Chord	4/2	1	2	1/4	1/4	1	172							
15	15	115	115	1.0	3/4	3/4	Chord	4/2	1	2	1/4	1/4	1	173							
15	15	116	116	1.0	1	1	Chord	4/2	1	2	1/4	1/4	1	174							
15	15	117	117	1.0	5/4	5/4	Chord	4/2	1	2	1/4	1/4	1	175							
15	15	118	118	2.0	3/2	3/2	Chord	4/2	1	2	1/2	1/2	1	176							
15	15	112	112	1.0	0	0	Chord	4/2	2	1	1/4	1/4	1	177							
15	15	113	113	2.0	1/4	1/4	Chord	4/2	2	1	1/2	1/2	1	178							
15	15	115	115	2.0	3/4	3/4	Chord	4/2	2	1	1/2	1/2	1	179							
15	15	117	117	2.0	5/4	5/4	Chord	4/2	2	1	1/2	1/2	1	180							
15	15	119	119	1.0	7/4	7/4	Chord	4/2	2	1	1/4	1/4	1	181							
15	15	112	112	2.0	0	0	Chord	4/2	2	2	1/2	1/2	1	182							
15	15	114	114	2.0	1/2	1/2	Chord	4/2	2	2	1/2	1/2	1	183							
15	15	116	116	4.0	1	1	Chord	4/2	2	2	1	1	1	184							
16	16	122	122	1.0	1/2	1/2	Chord	4/2	1	1	1/4	1/4	1	185							
16	16	123	123	1.0	3/4	3/4	Chord	4/2	1	1	1/4	1/4	1	186							
16	16	124	124	2.0	1	1	Chord	4/2	1	1	1/2	1/2	1	187							
16	16	126	126	1.0	3/2	3/2	Chord	4/2	1	1	1/4	1/4	1	188							
16	16	127	127	1.0	7/4	7/4	Chord	4/2	1	1	1/4	1/4	1	189							
16	16	120	120	2.0	0	0	Chord	4/2	1	2	1/2	1/2	1	190							
16	16	122	122	2.0	1/2	1/2	Chord	4/2	1	2	1/2	1/2	1	191							
16	16	125	125	2.0	5/4	5/4	Chord	4/2	1	2	1/2	1/2	1	192							
16	16	127	127	1.0	7/4	7/4	Chord	4/2	1	2	1/4	1/4	1	193							
16	16	120	120	1.0	0	0	Chord	4/2	2	1	1/4	1/4	1	194							
16	16	121	121	1.0	1/4	1/4	Chord	4/2	2	1	1/4	1/4	1	195							
16	16	122	122	2.0	1/2	1/2	Chord	4/2	2	1	1/2	1/2	1	196							
16	16	124	124	4.0	1	1	Chord	4/2	2	1	1	1	1	197							
16	16	120	120	2.0	0	0	Chord	4/2	2	2	1/2	1/2	1	198							
16	16	122	122	2.0	1/2	1/2	Chord	4/2	2	2	1/2	1/2	1	199							
16	16	124	124	4.0	1	1	Chord	4/2	2	2	1	1	1	200							
17	17	128	128	2.0	0	0	Chord	4/2	1	1	1/2	1/2	1	201							
17	17	130	130	2.0	1/2	1/2	Chord	4/2	1	1	1/2	1/2	1	202							
17	17	132	132	1.0	1	1	Chord	4/2	1	1	1/4	1/4	1	203							
17	17	133	133	1.0	5/4	5/4	Chord	4/2	1	1	1/4	1/4	1	204							
17	17	134	134	1.0	3/2	3/2	Chord	4/2	1	1	1/4	1/4	1	205							
17	17	135	135	1.0	7/4	7/4	Chord	4/2	1	1	1/4	1/4	1	206							
17	17	128	128	2.0	0	0	Chord	4/2	1	2	1/2	1/2	1	207							
17	17	130	130	2.0	1/2	1/2	Chord	4/2	1	2	1/2	1/2	1	208							
17	17	132	132	2.0	1	1	Chord	4/2	1	2	1/2	1/2	1	209							
17	17	135	135	1.0	7/4	7/4	Chord	4/2	1	2	1/4	1/4	1	210							
17	17	128	128	4.0	0	0	Chord	4/2	2	1	1	1	1	211							
17	17	132	132	4.0	1	1	Chord	4/2	2	1	1	1	1	212							
17	17	128	128	2.0	0	0	Chord	4/2	2	2	1/2	1/2	1	213							
17	17	130	130	2.0	1/2	1/2	Chord	4/2	2	2	1/2	1/2	1	214							
17	17	132	132	4.0	1	1	Chord	4/2	2	2	1	1	1	215							
18	18	136	136	2.0	0	0	Chord	4/2	1	1	1/2	1/2	1	216							
18	18	138	138	2.0	1/2	1/2	Chord	4/2	1	1	1/2	1/2	1	217							
18	18	140	140	4.0	1	1	Chord	4/2	1	1	1	1	1	218							
18	18	136	136	1.0	0	0	Chord	4/2	1	2	1/4	1/4	1	219							
18	18	137	137	2.0	1/4	1/4	Chord	4/2	1	2	1/2	1/2	1	220							
18	18	139	139	1.0	3/4	3/4	Chord	4/2	1	2	1/4	1/4	1	221							
18	18	140	140	4.0	1	1	Chord	4/2	1	2	1	1	1	222							
18	18	136	136	4.0	0	0	Chord	4/2	2	1	1	1	1	223							
18	18	140	140	2.0	1	1	Chord	4/2	2	1	1/2	1/2	1	224							
18	18	142	142	1.0	3/2	3/2	Chord	4/2	2	1	1/4	1/4	1	225							
18	18	143	143	1.0	7/4	7/4	Chord	4/2	2	1	1/4	1/4	1	226							
18	18	136	136	4.0	0	0	Chord	4/2	2	2	1	1	1	227							
18	18	140	140	4.0	1	1	Chord	4/2	2	2	1	1	1	228							
19	19	151	151	1.0	7/4	7/4	Chord	4/2	1	2	1/4	1/4	1	229							
19	19	144	144	1.0	0	0	Chord	4/2	2	1	1/4	1/4	1	230							
19	19	145	145	0.5	1/4	1/4	Chord	4/2	2	1	1/8	1/8	1	231							
19	19	291/2	291/2	0.5	3/8	3/8	Chord	4/2	2	1	1/8	1/8	1	232							
19	19	146	146	2.0	1/2	1/2	Chord	4/2	2	1	1/2	1/2	1	233							
19	19	148	148	4.0	1	1	Chord	4/2	2	1	1	1	1	234							
19	19	146	146	1.0	1/2	1/2	Chord	4/2	2	2	1/4	1/4	1	235							
19	19	147	147	1.0	3/4	3/4	Chord	4/2	2	2	1/4	1/4	1	236							
19	19	148	148	2.0	1	1	Chord	4/2	2	2	1/2	1/2	1	237							
19	19	150	150	1.0	3/2	3/2	Chord	4/2	2	2	1/4	1/4	1	238							
19	19	151	151	1.0	7/4	7/4	Chord	4/2	2	2	1/4	1/4	1	239							
20	20	152	152	1.0	0	0	Chord	4/2	1	2	1/4	1/4	1	240							
20	20	153	153	1.0	1/4	1/4	Chord	4/2	1	2	1/4	1/4	1	241							
20	20	154	154	1.0	1/2	1/2	Chord	4/2	1	2	1/4	1/4	1	242							
20	20	155	155	1.0	3/4	3/4	Chord	4/2	1	2	1/4	1/4	1	243							
20	20	156	156	1.0	1	1	Chord	4/2	1	2	1/4	1/4	1	244							
20	20	157	157	0.5	5/4	5/4	Chord	4/2	1	2	1/8	1/8	1	245							
20	20	315/2	315/2	0.5	11/8	11/8	Chord	4/2	1	2	1/8	1/8	1	246							
20	20	158	158	1.0	3/2	3/2	Chord	4/2	1	2	1/4	1/4	1	247							
20	20	159	159	1.0	7/4	7/4	Chord	4/2	1	2	1/4	1/4	1	248							
20	20	152	152	2.0	0	0	Chord	4/2	2	1	1/2	1/2	1	249							
20	20	154	154	1.0	1/2	1/2	Chord	4/2	2	1	1/4	1/4	1	250							
20	20	155	155	1.0	3/4	3/4	Chord	4/2	2	1	1/4	1/4	1	251							
20	20	156	156	1.0	1	1	Chord	4/2	2	1	1/4	1/4	1	252							
20	20	157	157	2.0	5/4	5/4	Chord	4/2	2	1	1/2	1/2	1	253							
20	20	159	159	1.0	7/4	7/4	Chord	4/2	2	1	1/4	1/4	1	254							
20	20	152	152	2.0	0	0	Chord	4/2	2	2	1/2	1/2	1	255							
20	20	154	154	3.0	1/2	1/2	Chord	4/2	2	2	3/4	1/2	3/2	256							
20	20	157	157	0.5	5/4	5/4	Chord	4/2	2	2	1/8	1/8	1	257							
20	20	315/2	315/2	0.5	11/8	11/8	Chord	4/2	2	2	1/8	1/8	1	258							
20	20	158	158	2.0	3/2	3/2	Chord	4/2	2	2	1/2	1/2	1	259							
21	21	160	160	1.0	0	0	Chord	4/2	1	2	1/4	1/4	1	260							
21	21	161	161	1.0	1/4	1/4	Chord	4/2	1	2	1/4	1/4	1	261							
21	21	162	162	2.0	1/2	1/2	Chord	4/2	1	2	1/2	1/2	1	262							
21	21	164	164	2.0	1	1	Chord	4/2	1	2	1/2	1/2	1	263							
21	21	166	166	2.0	3/2	3/2	Chord	4/2	1	2	1/2	1/2	1	264							
21	21	160	160	1.0	0	0	Chord	4/2	2	1	1/4	1/4	1	265							
21	21	161	161	2.0	1/4	1/4	Chord	4/2	2	1	1/2	1/2	1	266							
21	21	163	163	2.0	3/4	3/4	Chord	4/2	2	1	1/2	1/2	1	267							
21	21	165	165	1.0	5/4	5/4	Chord	4/2	2	1	1/4	1/4	1	268							
21	21	166	166	2.0	3/2	3/2	Chord	4/2	2	1	1/2	1/2	1	269							
21	21	160	160	6.0	0	0	Chord	4/2	2	2	3/2	1	3/2	270							
21	21	166	166	1.0	3/2	3/2	Chord	4/2	2	2	1/4	1/4	1	271							
21	21	167	167	0.5	7/4	7/4	Chord	4/2	2	2	1/8	1/8	1	272							
21	21	335/2	335/2	0.5	15/8	15/8	Chord	4/2	2	2	1/8	1/8	1	273							
22	22	170	170	1.0	1/2	1/2	Chord	4/2	1	1	1/4	1/4	1	274							
22	22	171	171	1.0	3/4	3/4	Chord	4/2	1	1	1/4	1/4	1	275							
22	22	172	172	1.0	1	1	Chord	4/2	1	1	1/4	1/4	1	276							
22	22	173	173	1.0	5/4	5/4	Chord	4/2	1	1	1/4	1/4	1	277							
22	22	174	174	1.0	3/2	3/2	Chord	4/2	1	1	1/4	1/4	1	278							
22	22	175	175	0.5	7/4	7/4	Chord	4/2	1	1	1/8	1/8	1	279							
22	22	351/2	351/2	0.5	15/8	15/8	Chord	4/2	1	1	1/8	1/8	1	280							
22	22	168	168	8.0	0	0	Chord	4/2	1	2	2	2	1	281							
22	22	170	170	1.0	1/2	1/2	Chord	4/2	2	1	1/4	1/4	1	282							
22	22	171	171	1.0	3/4	3/4	Chord	4/2	2	1	1/4	1/4	1	283							
22	22	172	172	2.0	1	1	Chord	4/2	2	1	1/2	1/2	1	284							
22	22	174	174	1.0	3/2	3/2	Chord	4/2	2	1	1/4	1/4	1	285							
22	22	175	175	1.0	7/4	7/4	Chord	4/2	2	1	1/4	1/4	1	286							
22	22	168	168	1.0	0	0	Chord	4/2	2	2	1/4	1/4	1	287							
22	22	169	169	1.0	1/4	1/4	Chord	4/2	2	2	1/4	1/4	1	288							
22	22	170	170	2.0	1/2	1/2	Chord	4/2	2	2	1/2	1/2	1	289							
22	22	172	172	4.0	1	1	Chord	4/2	2	2	1	1	1	290							
23	23	176	176	1.0	0	0	Chord	4/2	1	1	1/4	1/4	1	291							
23	23	177	177	1.0	1/4	1/4	Chord	4/2	1	1	1/4	1/4	1	292							
23	23	178	178	2.0	1/2	1/2	Chord	4/2	1	1	1/2	1/2	1	293							
23	23	180	180	2.0	1	1	Chord	4/2	1	1	1/2	1/2	1	294							
23	23	182	182	1.0	3/2	3/2	Chord	4/2	1	1	1/4	1/4	1	295							
23	23	183	183	1.0	7/4	7/4	Chord	4/2	1	1	1/4	1/4	1	296							
23	23	176	176	1.0	0	0	Chord	4/2	2	1	1/4	1/4	1	297							
23	23	177	177	2.0	1/4	1/4	Chord	4/2	2	1	1/2	1/2	1	298							
23	23	179	179	1.0	3/4	3/4	Chord	4/2	2	1	1/4	1/4	1	299							
23	23	180	180	1.0	1	1	Chord	4/2	2	1	1/4	1/4	1	300							
23	23	181	181	1.0	5/4	5/4	Chord	4/2	2	1	1/4	1/4	1	301							
23	23	182	182	1.0	3/2	3/2	Chord	4/2	2	1	1/4	1/4	1	302							
23	23	183	183	1.0	7/4	7/4	Chord	4/2	2	1	1/4	1/4	1	303							
23	23	176	176	2.0	0	0	Chord	4/2	2	2	1/2	1/2	1	304							
23	23	178	178	2.0	1/2	1/2	Chord	4/2	2	2	1/2	1/2	1	305							
24	24	184	184	1.0	0	0	Chord	4/2	1	1	1/4	1/4	1	306							
24	24	185	185	0.5	1/4	1/4	Chord	4/2	1	1	1/8	1/8	1	307							
24	24	371/2	371/2	0.5	3/8	3/8	Chord	4/2	1	1	1/8	1/8	1	308							
24	24	186	186	2.0	1/2	1/2	Chord	4/2	1	1	1/2	1/2	1	309							
24	24	188	188	2.0	1	1	Chord	4/2	1	1	1/2	1/2	1	310							
24	24	184	184	4.0	0	0	Chord	4/2	2	1	1	1	1	311							
24	24	188	188	2.0	1	1	Chord	4/2	2	1	1/2	1/2	1	312							
24	24	190	190	1.0	3/2	3/2	Chord	4/2	2	1	1/4	1/4	1	313							
24	24	191	191	1.0	7/4	7/4	Chord	4/2	2	1	1/4	1/4	1	314							
24	24	185	185	2.0	1/4	1/4	Chord	4/2	2	2	1/2	1/2	1	315							
24	24	187	187	1.0	3/4	3/4	Chord	4/2	2	2	1/4	1/4	1	316							
24	24	188	188	2.0	1	1	Chord	4/2	2	2	1/2	1/2	1	317							
24	24	190	190	1.0	3/2	3/2	Chord	4/2	2	2	1/4	1/4	1	318							
24	24	191	191	1.0	7/4	7/4	Chord	4/2	2	2	1/4	1/4	1	319							
25	25	197	197	2.0	5/4	5/4	Chord	4/2	1	2	1/2	1/2	1	320							
25	25	199	199	1.0	7/4	7/4	Chord	4/2	1	2	1/4	1/4	1	321							
25	25	192	192	1.0	0	0	Chord	4/2	2	1	1/4	1/4	1	322							
25	25	193	193	2.0	1/4	1/4	Chord	4/2	2	1	1/2	1/2	1	323							
25	25	195	195	1.0	3/4	3/4	Chord	4/2	2	1	1/4	1/4	1	324							
25	25	196	196	2.0	1	1	Chord	4/2	2	1	1/2	1/2	1	325							
25	25	198	198	1.0	3/2	3/2	Chord	4/2	2	1	1/4	1/4	1	326							
25	25	199	199	1.0	7/4	7/4	Chord	4/2	2	1	1/4	1/4	1	327							
25	25	192	192	2.0	0	0	Chord	4/2	2	2	1/2	1/2	1	328							
25	25	194	194	2.0	1/2	1/2	Chord	4/2	2	2	1/2	1/2	1	329							
25	25	196	196	1.0	1	1	Chord	4/2	2	2	1/4	1/4	1	330							
25	25	197	197	1.0	5/4	5/4	Chord	4/2	2	2	1/4	1/4	1	331							
25	25	198	198	1.0	3/2	3/2	Chord	4/2	2	2	1/4	1/4	1	332							
25	25	199	199	1.0	7/4	7/4	Chord	4/2	2	2	1/4	1/4	1	333							
26	26	200	200	2.0	0	0	Chord	4/2	1	2	1/2	1/2	1	334							
26	26	202	202	1.0	1/2	1/2	Chord	4/2	1	2	1/4	1/4	1	335							
26	26	203	203	1.0	3/4	3/4	Chord	4/2	1	2	1/4	1/4	1	336							
26	26	204	204	2.0	1	1	Chord	4/2	1	2	1/2	1/2	1	337							
26	26	206	206	2.0	3/2	3/2	Chord	4/2	1	2	1/2	1/2	1	338							
26	26	200	200	2.0	0	0	Chord	4/2	2	1	1/2	1/2	1	339							
26	26	202	202	2.0	1/2	1/2	Chord	4/2	2	1	1/2	1/2	1	340							
26	26	204	204	1.0	1	1	Chord	4/2	2	1	1/4	1/4	1	341							
26	26	205	205	1.0	5/4	5/4	Chord	4/2	2	1	1/4	1/4	1	342							
26	26	206	206	2.0	3/2	3/2	Chord	4/2	2	1	1/2	1/2	1	343							
26	26	200	200	4.0	0	0	Chord	4/2	2	2	1	1	1	344							
26	26	204	204	2.0	1	1	Chord	4/2	2	2	1/2	1/2	1	345							
26	26	206	206	1.0	3/2	3/2	Chord	4/2	2	2	1/4	1/4	1	346							
26	26	207	207	1.0	7/4	7/4	Chord	4/2	2	2	1/4	1/4	1	347							
27	27	208	208	1.0	0	0	Chord	4/2	1	2	1/4	1/4	1	348							
27	27	209	209	1.0	1/4	1/4	Chord	4/2	1	2	1/4	1/4	1	349							
27	27	210	210	1.0	1/2	1/2	Chord	4/2	1	2	1/4	1/4	1	350							
27	27	211	211	1.0	3/4	3/4	Chord	4/2	1	2	1/4	1/4	1	351							
27	27	212	212	2.0	1	1	Chord	4/2	1	2	1/2	1/2	1	352							
27	27	214	214	2.0	3/2	3/2	Chord	4/2	1	2	1/2	1/2	1	353							
27	27	208	208	1.0	0	0	Chord	4/2	2	1	1/4	1/4	1	354							
27	27	209	209	2.0	1/4	1/4	Chord	4/2	2	1	1/2	1/2	1	355							
27	27	211	211	2.0	3/4	3/4	Chord	4/2	2	1	1/2	1/2	1	356							
27	27	213	213	2.0	5/4	5/4	Chord	4/2	2	1	1/2	1/2	1	357							
27	27	215	215	1.0	7/4	7/4	Chord	4/2	2	1	1/4	1/4	1	358							
27	27	208	208	4.0	0	0	Chord	4/2	2	2	1	1	1	359							
27	27	212	212	4.0	1	1	Chord	4/2	2	2	1	1	1	360							
28	28	220	220	1.0	1	1	Chord	4/2	1	1	1/4	1/4	1	361							
28	28	221	221	1.0	5/4	5/4	Chord	4/2	1	1	1/4	1/4	1	362							
28	28	222	222	1.0	3/2	3/2	Chord	4/2	1	1	1/4	1/4	1	363							
28	28	223	223	1.0	7/4	7/4	Chord	4/2	1	1	1/4	1/4	1	364							
28	28	216	216	2.0	0	0	Chord	4/2	1	2	1/2	1/2	1	365							
28	28	218	218	1.0	1/2	1/2	Chord	4/2	1	2	1/4	1/4	1	366							
28	28	219	219	1.0	3/4	3/4	Chord	4/2	1	2	1/4	1/4	1	367							
28	28	220	220	2.0	1	1	Chord	4/2	1	2	1/2	1/2	1	368							
28	28	222	222	1.0	3/2	3/2	Chord	4/2	1	2	1/4	1/4	1	369							
28	28	223	223	1.0	7/4	7/4	Chord	4/2	1	2	1/4	1/4	1	370							
28	28	216	216	4.0	0	0	Chord	4/2	2	1	1	1	1	371							
28	28	220	220	4.0	1	1	Chord	4/2	2	1	1	1	1	372							
28	28	218	218	1.0	1/2	1/2	Chord	4/2	2	2	1/4	1/4	1	373							
28	28	219	219	1.0	3/4	3/4	Chord	4/2	2	2	1/4	1/4	1	374							
28	28	220	220	1.0	1	1	Chord	4/2	2	2	1/4	1/4	1	375							
28	28	221	221	1.0	5/4	5/4	Chord	4/2	2	2	1/4	1/4	1	376							
28	28	222	222	1.0	3/2	3/2	Chord	4/2	2	2	1/4	1/4	1	377							
28	28	223	223	0.5	7/4	7/4	Chord	4/2	2	2	1/8	1/8	1	378							
28	28	447/2	447/2	0.5	15/8	15/8	Chord	4/2	2	2	1/8	1/8	1	379							
29	29	224	224	1.0	0	0	Chord	4/2	1	1	1/4	1/4	1	380							
29	29	225	225	0.5	1/4	1/4	Chord	4/2	1	1	1/8	1/8	1	381							
29	29	451/2	451/2	0.5	3/8	3/8	Chord	4/2	1	1	1/8	1/8	1	382							
29	29	226	226	1.0	1/2	1/2	Chord	4/2	1	1	1/4	1/4	1	383							
29	29	227	227	1.0	3/4	3/4	Chord	4/2	1	1	1/4	1/4	1	384							
29	29	228	228	2.0	1	1	Chord	4/2	1	1	1/2	1/2	1	385							
29	29	230	230	2.0	3/2	3/2	Chord	4/2	1	1	1/2	1/2	1	386							
29	29	224	224	3.0	0	0	Chord	4/2	1	2	3/4	1/2	3/2	387							
29	29	227	227	1.0	3/4	3/4	Chord	4/2	1	2	1/4	1/4	1	388							
29	29	228	228	1.0	1	1	Chord	4/2	1	2	1/4	1/4	1	389							
29	29	229	229	1.0	5/4	5/4	Chord	4/2	1	2	1/4	1/4	1	390							
29	29	230	230	1.0	3/2	3/2	Chord	4/2	1	2	1/4	1/4	1	391							
29	29	231	231	1.0	7/4	7/4	Chord	4/2	1	2	1/4	1/4	1	392							
29	29	224	224	1.0	0	0	Chord	4/2	2	2	1/4	1/4	1	393							
29	29	225	225	1.0	1/4	1/4	Chord	4/2	2	2	1/4	1/4	1	394							
29	29	226	226	1.0	1/2	1/2	Chord	4/2	2	2	1/4	1/4	1	395							
29	29	227	227	2.0	3/4	3/4	Chord	4/2	2	2	1/2	1/2	1	396							
29	29	229	229	2.0	5/4	5/4	Chord	4/2	2	2	1/2	1/2	1	397							
29	29	231	231	1.0	7/4	7/4	Chord	4/2	2	2	1/4	1/4	1	398							
30	30	232	232	2.0	0	0	Chord	4/2	1	1	1/2	1/2	1	399							
30	30	234	234	2.0	1/2	1/2	Chord	4/2	1	1	1/2	1/2	1	400							
30	30	236	236	4.0	1	1	Chord	4/2	1	1	1	1	1	401							
30	30	232	232	1.0	0	0	Chord	4/2	1	2	1/4	1/4	1	402							
30	30	233	233	2.0	1/4	1/4	Chord	4/2	1	2	1/2	1/2	1	403							
30	30	235	235	1.0	3/4	3/4	Chord	4/2	1	2	1/4	1/4	1	404							
30	30	236	236	4.0	1	1	Chord	4/2	1	2	1	1	1	405							
30	30	232	232	1.0	0	0	Chord	4/2	2	2	1/4	1/4	1	406							
30	30	233	233	1.0	1/4	1/4	Chord	4/2	2	2	1/4	1/4	1	407							
30	30	234	234	2.0	1/2	1/2	Chord	4/2	2	2	1/2	1/2	1	408							
30	30	236	236	2.0	1	1	Chord	4/2	2	2	1/2	1/2	1	409							
30	30	238	238	1.0	3/2	3/2	Chord	4/2	2	2	1/4	1/4	1	410							
30	30	239	239	1.0	7/4	7/4	Chord	4/2	2	2	1/4	1/4	1	411							
31	31	240	240	4.0	0	0	Chord	4/2	1	1	1	1	1	412							
31	31	245	245	2.0	5/4	5/4	Chord	4/2	1	1	1/2	1/2	1	413							
31	31	247	247	1.0	7/4	7/4	Chord	4/2	1	1	1/4	1/4	1	414							
31	31	240	240	2.0	0	0	Chord	4/2	1	2	1/2	1/2	1	415							
31	31	242	242	1.0	1/2	1/2	Chord	4/2	1	2	1/4	1/4	1	416							
31	31	243	243	1.0	3/4	3/4	Chord	4/2	1	2	1/4	1/4	1	417							
31	31	244	244	1.0	1	1	Chord	4/2	1	2	1/4	1/4	1	418							
31	31	245	245	1.0	5/4	5/4	Chord	4/2	1	2	1/4	1/4	1	419							
31	31	246	246	1.5	3/2	3/2	Chord	4/2	1	2	3/8	1/4	3/2	420							
31	31	495/2	495/2	0.5	15/8	15/8	Chord	4/2	1	2	1/8	1/8	1	421							
31	31	240	240	1.0	0	0	Chord	4/2	2	1	1/4	1/4	1	422							
31	31	241	241	1.0	1/4	1/4	Chord	4/2	2	1	1/4	1/4	1	423							
31	31	242	242	1.0	1/2	1/2	Chord	4/2	2	1	1/4	1/4	1	424							
31	31	243	243	1.0	3/4	3/4	Chord	4/2	2	1	1/4	1/4	1	425							
31	31	244	244	1.0	1	1	Chord	4/2	2	1	1/4	1/4	1	426							
31	31	245	245	0.5	5/4	5/4	Chord	4/2	2	1	1/8	1/8	1	427							
31	31	491/2	491/2	0.5	11/8	11/8	Chord	4/2	2	1	1/8	1/8	1	428							
31	31	246	246	1.0	3/2	3/2	Chord	4/2	2	1	1/4	1/4	1	429							
31	31	247	247	1.0	7/4	7/4	Chord	4/2	2	1	1/4	1/4	1	430							
31	31	240	240	1.0	0	0	Chord	4/2	2	2	1/4	1/4	1	431							
31	31	241	241	1.0	1/4	1/4	Chord	4/2	2	2	1/4	1/4	1	432							
31	31	242	242	1.0	1/2	1/2	Chord	4/2	2	2	1/4	1/4	1	433							
31	31	243	243	0.5	3/4	3/4	Chord	4/2	2	2	1/8	1/8	1	434							
31	31	487/2	487/2	0.5	7/8	7/8	Chord	4/2	2	2	1/8	1/8	1	435							
31	31	244	244	4.0	1	1	Chord	4/2	2	2	1	1	1	436							
32	32	248	248	1.0	0	0	Chord	4/2	1	1	1/4	1/4	1	437							
32	32	249	249	2.0	1/4	1/4	Chord	4/2	1	1	1/2	1/2	1	438							
32	32	251	251	2.0	3/4	3/4	Chord	4/2	1	1	1/2	1/2	1	439							
32	32	253	253	0.5	5/4	5/4	Chord	4/2	1	1	1/8	1/8	1	440							
32	32	507/2	507/2	0.5	11/8	11/8	Chord	4/2	1	1	1/8	1/8	1	441							
32	32	254	254	2.0	3/2	3/2	Chord	4/2	1	1	1/2	1/2	1	442							
32	32	248	248	1.5	0	0	Chord	4/2	1	2	3/8	1/4	3/2	443							
32	32	499/2	499/2	0.5	3/8	3/8	Chord	4/2	1	2	1/8	1/8	1	444							
32	32	250	250	2.0	1/2	1/2	Chord	4/2	1	2	1/2	1/2	1	445							
32	32	252	252	4.0	1	1	Chord	4/2	1	2	1	1	1	446							
32	32	248	248	1.0	0	0	Chord	4/2	2	1	1/4	1/4	1	447							
32	32	249	249	1.0	1/4	1/4	Chord	4/2	2	1	1/4	1/4	1	448							
32	32	250	250	2.0	1/2	1/2	Chord	4/2	2	1	1/2	1/2	1	449							
32	32	252	252	4.0	1	1	Chord	4/2	2	1	1	1	1	450							
32	32	248	248	8.0	0	0	Chord	4/2	2	2	2	2	1	451							
33	33	256	256	4.0	0	0	Chord	2/2	1	1	1	1	1	452							
33	33	256	256	4.0	0	0	Chord	2/2	1	2	1	1	1	453							
33	33	256	256	4.0	0	0	Chord	2/2	2	1	1	1	1	454							
33	33	256	256	4.0	0	0	Chord	2/2	2	2	1	1	1	455							
34	34	263	263	3.0	3/4	3/4	Chord	3/2	1	1	3/4	1/2	3/2	456							
34	34	260	260	2.0	0	0	Chord	3/2	1	2	1/2	1/2	1	457							
34	34	262	262	1.0	1/2	1/2	Chord	3/2	1	2	1/4	1/4	1	458							
34	34	263	263	1.0	3/4	3/4	Chord	3/2	1	2	1/4	1/4	1	459							
34	34	264	264	1.0	1	1	Chord	3/2	1	2	1/4	1/4	1	460							
34	34	265	265	1.0	5/4	5/4	Chord	3/2	1	2	1/4	1/4	1	461							
35	35	266	266	3.0	0	0	Chord	3/2	1	1	3/4	1/2	3/2	462							
35	35	269	269	3.0	3/4	3/4	Chord	3/2	1	1	3/4	1/2	3/2	463							
35	35	266	266	0.5	0	0	Chord	3/2	1	2	1/8	1/8	1	464							
35	35	533/2	533/2	0.5	1/8	1/8	Chord	3/2	1	2	1/8	1/8	1	465							
35	35	267	267	0.5	1/4	1/4	Chord	3/2	1	2	1/8	1/8	1	466							
35	35	535/2	535/2	0.5	3/8	3/8	Chord	3/2	1	2	1/8	1/8	1	467							
35	35	268	268	0.5	1/2	1/2	Chord	3/2	1	2	1/8	1/8	1	468							
35	35	537/2	537/2	0.5	5/8	5/8	Chord	3/2	1	2	1/8	1/8	1	469							
35	35	269	269	0.5	3/4	3/4	Chord	3/2	1	2	1/8	1/8	1	470							
35	35	539/2	539/2	0.5	7/8	7/8	Chord	3/2	1	2	1/8	1/8	1	471							
35	35	270	270	0.5	1	1	Chord	3/2	1	2	1/8	1/8	1	472							
35	35	541/2	541/2	0.5	9/8	9/8	Chord	3/2	1	2	1/8	1/8	1	473							
35	35	271	271	0.5	5/4	5/4	Chord	3/2	1	2	1/8	1/8	1	474							
35	35	543/2	543/2	0.5	11/8	11/8	Chord	3/2	1	2	1/8	1/8	1	475							
35	35	269	269	3.0	3/4	3/4	Chord	3/2	2	1	3/4	1/2	3/2	476							
36	36	272	272	3.0	0	0	Chord	3/2	1	1	3/4	1/2	3/2	477							
36	36	275	275	3.0	3/4	3/4	Chord	3/2	1	1	3/4	1/2	3/2	478							
36	36	272	272	1.0	0	0	Chord	3/2	1	2	1/4	1/4	1	479							
36	36	273	273	1.0	1/4	1/4	Chord	3/2	1	2	1/4	1/4	1	480							
36	36	274	274	1.0	1/2	1/2	Chord	3/2	1	2	1/4	1/4	1	481							
36	36	275	275	1.0	3/4	3/4	Chord	3/2	1	2	1/4	1/4	1	482							
36	36	276	276	0.5	1	1	Chord	3/2	1	2	1/8	1/8	1	483							
36	36	553/2	553/2	0.5	9/8	9/8	Chord	3/2	1	2	1/8	1/8	1	484							
36	36	277	277	0.5	5/4	5/4	Chord	3/2	1	2	1/8	1/8	1	485							
36	36	555/2	555/2	0.5	11/8	11/8	Chord	3/2	1	2	1/8	1/8	1	486							
36	36	272	272	3.0	0	0	Chord	3/2	2	1	3/4	1/2	3/2	487							
36	36	275	275	3.0	3/4	3/4	Chord	3/2	2	1	3/4	1/2	3/2	488							
37	37	278	278	3.0	0	0	Chord	3/2	1	1	3/4	1/2	3/2	489							
37	37	281	281	3.0	3/4	3/4	Chord	3/2	1	1	3/4	1/2	3/2	490							
37	37	278	278	3.0	0	0	Chord	3/2	1	2	3/4	1/2	3/2	491							
37	37	281	281	3.0	3/4	3/4	Chord	3/2	1	2	3/4	1/2	3/2	492							
37	37	278	278	3.0	0	0	Chord	3/2	2	1	3/4	1/2	3/2	493							
37	37	279	279	1.0	1/4	1/4	Chord	3/2	2	2	1/4	1/4	1	494							
37	37	280	280	1.0	1/2	1/2	Chord	3/2	2	2	1/4	1/4	1	495							
37	37	281	281	1.0	3/4	3/4	Chord	3/2	2	2	1/4	1/4	1	496							
37	37	282	282	1.0	1	1	Chord	3/2	2	2	1/4	1/4	1	497							
37	37	283	283	1.0	5/4	5/4	Chord	3/2	2	2	1/4	1/4	1	498							
38	38	284	284	3.0	0	0	Chord	3/2	1	1	3/4	1/2	3/2	499							
38	38	287	287	3.0	3/4	3/4	Chord	3/2	1	1	3/4	1/2	3/2	500							
38	38	284	284	2.0	0	0	Chord	3/2	1	2	1/2	1/2	1	501							
38	38	286	286	1.0	1/2	1/2	Chord	3/2	1	2	1/4	1/4	1	502							
38	38	287	287	3.0	3/4	3/4	Chord	3/2	1	2	3/4	1/2	3/2	503							
38	38	285	285	1.0	1/4	1/4	Chord	3/2	2	1	1/4	1/4	1	504							
38	38	286	286	1.0	1/2	1/2	Chord	3/2	2	1	1/4	1/4	1	505							
38	38	287	287	1.0	3/4	3/4	Chord	3/2	2	1	1/4	1/4	1	506							
38	38	288	288	1.0	1	1	Chord	3/2	2	1	1/4	1/4	1	507							
38	38	289	289	1.0	5/4	5/4	Chord	3/2	2	1	1/4	1/4	1	508							
38	38	284	284	3.0	0	0	Chord	3/2	2	2	3/4	1/2	3/2	509							
38	38	287	287	3.0	3/4	3/4	Chord	3/2	2	2	3/4	1/2	3/2	510							
39	39	290	290	1.0	0	0	Chord	3/2	1	2	1/4	1/4	1	511							
39	39	291	291	1.0	1/4	1/4	Chord	3/2	1	2	1/4	1/4	1	512							
39	39	292	292	1.0	1/2	1/2	Chord	3/2	1	2	1/4	1/4	1	513							
39	39	293	293	3.0	3/4	3/4	Chord	3/2	1	2	3/4	1/2	3/2	514							
39	39	290	290	2.0	0	0	Chord	3/2	2	1	1/2	1/2	1	515							
39	39	292	292	1.0	1/2	1/2	Chord	3/2	2	1	1/4	1/4	1	516							
39	39	293	293	1.0	3/4	3/4	Chord	3/2	2	1	1/4	1/4	1	517							
39	39	294	294	1.0	1	1	Chord	3/2	2	1	1/4	1/4	1	518							
39	39	295	295	1.0	5/4	5/4	Chord	3/2	2	1	1/4	1/4	1	519							
39	39	290	290	3.0	0	0	Chord	3/2	2	2	3/4	1/2	3/2	520							
39	39	293	293	3.0	3/4	3/4	Chord	3/2	2	2	3/4	1/2	3/2	521							
40	40	297	297	1.0	1/4	1/4	Chord	3/2	1	1	1/4	1/4	1	522							
40	40	298	298	1.0	1/2	1/2	Chord	3/2	1	1	1/4	1/4	1	523							
40	40	299	299	1.0	3/4	3/4	Chord	3/2	1	1	1/4	1/4	1	524							
40	40	300	300	1.0	1	1	Chord	3/2	1	1	1/4	1/4	1	525							
40	40	301	301	1.0	5/4	5/4	Chord	3/2	1	1	1/4	1/4	1	526							
40	40	296	296	3.0	0	0	Chord	3/2	1	2	3/4	1/2	3/2	527							
40	40	296	296	3.0	0	0	Chord	3/2	2	1	3/4	1/2	3/2	528							
40	40	299	299	3.0	3/4	3/4	Chord	3/2	2	1	3/4	1/2	3/2	529							
40	40	296	296	6.0	0	0	Chord	3/2	2	2	3/2	1	3/2	530							
41	41	302	302	3.0	0	0	Chord	3/2	1	1	3/4	1/2	3/2	531							
41	41	305	305	3.0	3/4	3/4	Chord	3/2	1	1	3/4	1/2	3/2	532							
41	41	303	303	1.0	1/4	1/4	Chord	3/2	1	2	1/4	1/4	1	533							
41	41	304	304	1.0	1/2	1/2	Chord	3/2	1	2	1/4	1/4	1	534							
41	41	305	305	1.0	3/4	3/4	Chord	3/2	1	2	1/4	1/4	1	535							
41	41	306	306	1.0	1	1	Chord	3/2	1	2	1/4	1/4	1	536							
41	41	307	307	1.0	5/4	5/4	Chord	3/2	1	2	1/4	1/4	1	537							
41	41	302	302	3.0	0	0	Chord	3/2	2	1	3/4	1/2	3/2	538							
41	41	305	305	3.0	3/4	3/4	Chord	3/2	2	1	3/4	1/2	3/2	539							
42	42	308	308	0.5	0	0	Chord	3/2	1	1	1/8	1/8	1	540							
42	42	617/2	617/2	0.5	1/8	1/8	Chord	3/2	1	1	1/8	1/8	1	541							
42	42	309	309	0.5	1/4	1/4	Chord	3/2	1	1	1/8	1/8	1	542							
42	42	619/2	619/2	0.5	3/8	3/8	Chord	3/2	1	1	1/8	1/8	1	543							
42	42	310	310	0.5	1/2	1/2	Chord	3/2	1	1	1/8	1/8	1	544							
42	42	621/2	621/2	0.5	5/8	5/8	Chord	3/2	1	1	1/8	1/8	1	545							
42	42	311	311	0.5	3/4	3/4	Chord	3/2	1	1	1/8	1/8	1	546							
42	42	623/2	623/2	0.5	7/8	7/8	Chord	3/2	1	1	1/8	1/8	1	547							
42	42	312	312	0.5	1	1	Chord	3/2	1	1	1/8	1/8	1	548							
42	42	625/2	625/2	0.5	9/8	9/8	Chord	3/2	1	1	1/8	1/8	1	549							
42	42	313	313	0.5	5/4	5/4	Chord	3/2	1	1	1/8	1/8	1	550							
42	42	627/2	627/2	0.5	11/8	11/8	Chord	3/2	1	1	1/8	1/8	1	551							
42	42	308	308	3.0	0	0	Chord	3/2	1	2	3/4	1/2	3/2	552							
42	42	311	311	3.0	3/4	3/4	Chord	3/2	1	2	3/4	1/2	3/2	553							
42	42	308	308	3.0	0	0	Chord	3/2	2	1	3/4	1/2	3/2	554							
42	42	311	311	3.0	3/4	3/4	Chord	3/2	2	1	3/4	1/2	3/2	555							
43	43	314	314	1.0	0	0	Chord	3/2	1	1	1/4	1/4	1	556							
43	43	315	315	1.0	1/4	1/4	Chord	3/2	1	1	1/4	1/4	1	557							
43	43	316	316	1.0	1/2	1/2	Chord	3/2	1	1	1/4	1/4	1	558							
43	43	317	317	3.0	3/4	3/4	Chord	3/2	1	1	3/4	1/2	3/2	559							
43	43	319	319	1.0	5/4	5/4	Chord	3/2	1	2	1/4	1/4	1	560							
43	43	314	314	3.0	0	0	Chord	3/2	2	1	3/4	1/2	3/2	561							
43	43	317	317	3.0	3/4	3/4	Chord	3/2	2	1	3/4	1/2	3/2	562							
43	43	315	315	1.0	1/4	1/4	Chord	3/2	2	2	1/4	1/4	1	563							
43	43	316	316	1.0	1/2	1/2	Chord	3/2	2	2	1/4	1/4	1	564							
43	43	317	317	1.0	3/4	3/4	Chord	3/2	2	2	1/4	1/4	1	565							
43	43	318	318	1.0	1	1	Chord	3/2	2	2	1/4	1/4	1	566							
43	43	319	319	1.0	5/4	5/4	Chord	3/2	2	2	1/4	1/4	1	567							
44	44	321	321	1.0	1/4	1/4	Chord	3/2	1	1	1/4	1/4	1	568							
44	44	322	322	1.0	1/2	1/2	Chord	3/2	1	1	1/4	1/4	1	569							
44	44	323	323	1.0	3/4	3/4	Chord	3/2	1	1	1/4	1/4	1	570							
44	44	324	324	1.0	1	1	Chord	3/2	1	1	1/4	1/4	1	571							
44	44	325	325	1.0	5/4	5/4	Chord	3/2	1	1	1/4	1/4	1	572							
44	44	320	320	1.0	0	0	Chord	3/2	1	2	1/4	1/4	1	573							
44	44	321	321	2.0	1/4	1/4	Chord	3/2	1	2	1/2	1/2	1	574							
44	44	323	323	2.0	3/4	3/4	Chord	3/2	1	2	1/2	1/2	1	575							
44	44	325	325	1.0	5/4	5/4	Chord	3/2	1	2	1/4	1/4	1	576							
44	44	320	320	3.0	0	0	Chord	3/2	2	1	3/4	1/2	3/2	577							
44	44	323	323	3.0	3/4	3/4	Chord	3/2	2	1	3/4	1/2	3/2	578							
44	44	320	320	3.0	0	0	Chord	3/2	2	2	3/4	1/2	3/2	579							
44	44	323	323	3.0	3/4	3/4	Chord	3/2	2	2	3/4	1/2	3/2	580							
45	45	326	326	6.0	0	0	Chord	12/4	1	1	3/2	1	3/2	581							
45	45	332	332	3.0	3/2	3/2	Chord	12/4	1	1	3/4	1/2	3/2	582							
45	45	335	335	3.0	9/4	9/4	Chord	12/4	1	1	3/4	1/2	3/2	583							
45	45	326	326	1.0	0	0	Chord	12/4	1	2	1/4	1/4	1	584							
45	45	327	327	1.0	1/4	1/4	Chord	12/4	1	2	1/4	1/4	1	585							
45	45	328	328	1.0	1/2	1/2	Chord	12/4	1	2	1/4	1/4	1	586							
45	45	329	329	2.0	3/4	3/4	Chord	12/4	1	2	1/2	1/2	1	587							
45	45	331	331	1.0	5/4	5/4	Chord	12/4	1	2	1/4	1/4	1	588							
45	45	332	332	2.0	3/2	3/2	Chord	12/4	1	2	1/2	1/2	1	589							
45	45	334	334	1.0	2	2	Chord	12/4	1	2	1/4	1/4	1	590							
45	45	335	335	3.0	9/4	9/4	Chord	12/4	1	2	3/4	1/2	3/2	591							
45	45	326	326	3.0	0	0	Chord	12/4	2	1	3/4	1/2	3/2	592							
45	45	330	330	1.0	1	1	Chord	12/4	2	1	1/4	1/4	1	593							
45	45	331	331	1.0	5/4	5/4	Chord	12/4	2	1	1/4	1/4	1	594							
45	45	332	332	1.0	3/2	3/2	Chord	12/4	2	1	1/4	1/4	1	595							
45	45	333	333	2.0	7/4	7/4	Chord	12/4	2	1	1/2	1/2	1	596							
45	45	335	335	3.0	9/4	9/4	Chord	12/4	2	1	3/4	1/2	3/2	597							
45	45	326	326	1.0	0	0	Chord	12/4	2	2	1/4	1/4	1	598							
45	45	327	327	1.0	1/4	1/4	Chord	12/4	2	2	1/4	1/4	1	599							
45	45	328	328	1.0	1/2	1/2	Chord	12/4	2	2	1/4	1/4	1	600							
45	45	329	329	3.0	3/4	3/4	Chord	12/4	2	2	3/4	1/2	3/2	601							
45	45	335	335	0.5	9/4	9/4	Chord	12/4	2	2	1/8	1/8	1	602							
45	45	671/2	671/2	0.5	19/8	19/8	Chord	12/4	2	2	1/8	1/8	1	603							
45	45	336	336	0.5	5/2	5/2	Chord	12/4	2	2	1/8	1/8	1	604							
45	45	673/2	673/2	0.5	21/8	21/8	Chord	12/4	2	2	1/8	1/8	1	605							
45	45	337	337	0.5	11/4	11/4	Chord	12/4	2	2	1/8	1/8	1	606							
45	45	675/2	675/2	0.5	23/8	23/8	Chord	12/4	2	2	1/8	1/8	1	607							
46	46	338	338	3.0	0	0	Chord	6/4	1	1	3/4	1/2	3/2	608							
46	46	341	341	3.0	3/4	3/4	Chord	6/4	1	1	3/4	1/2	3/2	609							
46	46	338	338	4.0	0	0	Chord	6/4	1	2	1	1	1	610							
46	46	342	342	2.0	1	1	Chord	6/4	1	2	1/2	1/2	1	611							
46	46	338	338	6.0	0	0	Chord	6/4	2	1	3/2	1	3/2	612							
46	46	338	338	0.5	0	0	Chord	6/4	2	2	1/8	1/8	1	613							
46	46	677/2	677/2	0.5	1/8	1/8	Chord	6/4	2	2	1/8	1/8	1	614							
46	46	339	339	0.5	1/4	1/4	Chord	6/4	2	2	1/8	1/8	1	615							
46	46	679/2	679/2	0.5	3/8	3/8	Chord	6/4	2	2	1/8	1/8	1	616							
46	46	340	340	0.5	1/2	1/2	Chord	6/4	2	2	1/8	1/8	1	617							
46	46	681/2	681/2	0.5	5/8	5/8	Chord	6/4	2	2	1/8	1/8	1	618							
46	46	341	341	1.5	3/4	3/4	Chord	6/4	2	2	3/8	1/4	3/2	619							
46	46	685/2	685/2	0.5	9/8	9/8	Chord	6/4	2	2	1/8	1/8	1	620							
46	46	343	343	0.5	5/4	5/4	Chord	6/4	2	2	1/8	1/8	1	621							
46	46	687/2	687/2	0.5	11/8	11/8	Chord	6/4	2	2	1/8	1/8	1	622							
47	47	344	344	2.0	0	0	Chord	4/4	1	1	1/2	1/2	1	623							
47	47	344	344	0.75	0	0	Chord	4/4	1	2	3/16	1/8	3/2	624							
47	47	1379/4	1379/4	0.25	3/16	3/16	Chord	4/4	1	2	1/16	1/16	1	625							
47	47	345	345	0.5	1/4	1/4	Chord	4/4	1	2	1/8	1/8	1	626							
47	47	691/2	691/2	0.5	3/8	3/8	Chord	4/4	1	2	1/8	1/8	1	627							
47	47	346	346	0.5	1/2	1/2	Chord	4/4	1	2	1/8	1/8	1	628							
47	47	693/2	693/2	0.5	5/8	5/8	Chord	4/4	1	2	1/8	1/8	1	629							
47	47	347	347	0.5	3/4	3/4	Chord	4/4	1	2	1/8	1/8	1	630							
47	47	695/2	695/2	0.5	7/8	7/8	Chord	4/4	1	2	1/8	1/8	1	631							
47	47	344	344	0.75	0	0	Chord	4/4	2	1	3/16	1/8	3/2	632							
47	47	1379/4	1379/4	0.25	3/16	3/16	Chord	4/4	2	1	1/16	1/16	1	633							
47	47	345	345	0.5	1/4	1/4	Chord	4/4	2	1	1/8	1/8	1	634							
47	47	691/2	691/2	0.5	3/8	3/8	Chord	4/4	2	1	1/8	1/8	1	635							
47	47	346	346	0.5	1/2	1/2	Chord	4/4	2	1	1/8	1/8	1	636							
47	47	693/2	693/2	0.5	5/8	5/8	Chord	4/4	2	1	1/8	1/8	1	637							
47	47	347	347	0.5	3/4	3/4	Chord	4/4	2	1	1/8	1/8	1	638							
47	47	695/2	695/2	0.5	7/8	7/8	Chord	4/4	2	1	1/8	1/8	1	639							
47	47	344	344	2.0	0	0	Chord	4/4	2	2	1/2	1/2	1	640							
48	48	348	348	0.5	0	0	Chord	4/4	1	2	1/8	1/8	1	641							
48	48	697/2	697/2	0.5	1/8	1/8	Chord	4/4	1	2	1/8	1/8	1	642							
48	48	349	349	0.5	1/4	1/4	Chord	4/4	1	2	1/8	1/8	1	643							
48	48	699/2	699/2	0.5	3/8	3/8	Chord	4/4	1	2	1/8	1/8	1	644							
48	48	350	350	0.5	1/2	1/2	Chord	4/4	1	2	1/8	1/8	1	645							
48	48	701/2	701/2	0.5	5/8	5/8	Chord	4/4	1	2	1/8	1/8	1	646							
48	48	351	351	0.5	3/4	3/4	Chord	4/4	1	2	1/8	1/8	1	647							
48	48	703/2	703/2	0.5	7/8	7/8	Chord	4/4	1	2	1/8	1/8	1	648							
48	48	348	348	0.5	0	0	Chord	4/4	2	1	1/8	1/8	1	649							
48	48	697/2	697/2	0.5	1/8	1/8	Chord	4/4	2	1	1/8	1/8	1	650							
48	48	349	349	0.5	1/4	1/4	Chord	4/4	2	1	1/8	1/8	1	651							
48	48	699/2	699/2	0.5	3/8	3/8	Chord	4/4	2	1	1/8	1/8	1	652							
48	48	350	350	0.5	1/2	1/2	Chord	4/4	2	1	1/8	1/8	1	653							
48	48	701/2	701/2	0.5	5/8	5/8	Chord	4/4	2	1	1/8	1/8	1	654							
48	48	351	351	0.5	3/4	3/4	Chord	4/4	2	1	1/8	1/8	1	655							
48	48	703/2	703/2	0.5	7/8	7/8	Chord	4/4	2	1	1/8	1/8	1	656							
49	49	352	352	0.25	0	0	Chord	8/4	1	1	1/16	1/16	1	657							
49	49	1409/4	1409/4	0.25	1/16	1/16	Chord	8/4	1	1	1/16	1/16	1	658							
49	49	705/2	705/2	0.25	1/8	1/8	Chord	8/4	1	1	1/16	1/16	1	659							
49	49	1411/4	1411/4	0.25	3/16	3/16	Chord	8/4	1	1	1/16	1/16	1	660							
49	49	353	353	0.25	1/4	1/4	Chord	8/4	1	1	1/16	1/16	1	661							
49	49	1413/4	1413/4	0.25	5/16	5/16	Chord	8/4	1	1	1/16	1/16	1	662							
49	49	707/2	707/2	0.25	3/8	3/8	Chord	8/4	1	1	1/16	1/16	1	663							
49	49	1415/4	1415/4	0.25	7/16	7/16	Chord	8/4	1	1	1/16	1/16	1	664							
49	49	354	354	2.0	1/2	1/2	Chord	8/4	1	1	1/2	1/2	1	665							
49	49	356	356	4.0	1	1	Chord	8/4	1	1	1	1	1	666							
49	49	354	354	1.5	1/2	1/2	Chord	8/4	1	2	3/8	1/4	3/2	667	ornamentTrill						
49	49	711/2	711/2	0.25	7/8	7/8	Chord	8/4	1	2	1/16	1/16	1	668							
49	49	1423/4	1423/4	0.25	15/16	15/16	Chord	8/4	1	2	1/16	1/16	1	669							
49	49	356	356	4.0	1	1	Chord	8/4	1	2	1	1	1	670							
49	49	354	354	2.0	1/2	1/2	Chord	8/4	2	1	1/2	1/2	1	671							
49	49	356	356	4.0	1	1	Chord	8/4	2	1	1	1	1	672							
49	49	352	352	0.25	0	0	Chord	8/4	2	2	1/16	1/16	1	673							
49	49	1409/4	1409/4	0.25	1/16	1/16	Chord	8/4	2	2	1/16	1/16	1	674							
49	49	705/2	705/2	0.25	1/8	1/8	Chord	8/4	2	2	1/16	1/16	1	675							
49	49	1411/4	1411/4	0.25	3/16	3/16	Chord	8/4	2	2	1/16	1/16	1	676							
49	49	353	353	0.25	1/4	1/4	Chord	8/4	2	2	1/16	1/16	1	677							
49	49	1413/4	1413/4	0.25	5/16	5/16	Chord	8/4	2	2	1/16	1/16	1	678							
49	49	707/2	707/2	0.25	3/8	3/8	Chord	8/4	2	2	1/16	1/16	1	679							
49	49	1415/4	1415/4	0.25	7/16	7/16	Chord	8/4	2	2	1/16	1/16	1	680							
49	49	354	354	2.0	1/2	1/2	Chord	8/4	2	2	1/2	1/2	1	681							
49	49	356	356	4.0	1	1	Chord	8/4	2	2	1	1	1	682							
50	50	360	360	0.5	0	0	Chord	4/4	1	1	1/8	1/8	1	683							
50	50	721/2	721/2	0.5	1/8	1/8	Chord	4/4	1	1	1/8	1/8	1	684							
50	50	361	361	0.5	1/4	1/4	Chord	4/4	1	1	1/8	1/8	1	685							
50	50	723/2	723/2	0.5	3/8	3/8	Chord	4/4	1	1	1/8	1/8	1	686							
50	50	362	362	0.5	1/2	1/2	Chord	4/4	1	1	1/8	1/8	1	687							
50	50	725/2	725/2	0.25	5/8	5/8	Chord	4/4	1	1	1/16	1/16	1	688							
50	50	1451/4	1451/4	0.25	11/16	11/16	Chord	4/4	1	1	1/16	1/16	1	689							
50	50	363	363	0.5	3/4	3/4	Chord	4/4	1	1	1/8	1/8	1	690							
50	50	727/2	727/2	0.5	7/8	7/8	Chord	4/4	1	1	1/8	1/8	1	691							
50	50	361	361	1.0	1/4	1/4	Chord	4/4	1	2	1/4	1/4	1	692							
50	50	362	362	1.0	1/2	1/2	Chord	4/4	1	2	1/4	1/4	1	693							
50	50	363	363	1.0	3/4	3/4	Chord	4/4	1	2	1/4	1/4	1	694							
51	51	364	364	0.5	0	0	Chord	4/4	1	1	1/8	1/8	1	695							
51	51	729/2	729/2	0.5	1/8	1/8	Chord	4/4	1	1	1/8	1/8	1	696							
51	51	365	365	0.5	1/4	1/4	Chord	4/4	1	1	1/8	1/8	1	697							
51	51	731/2	731/2	0.5	3/8	3/8	Chord	4/4	1	1	1/8	1/8	1	698							
51	51	366	366	0.5	1/2	1/2	Chord	4/4	1	1	1/8	1/8	1	699							
51	51	733/2	733/2	0.25	5/8	5/8	Chord	4/4	1	1	1/16	1/16	1	700							
51	51	1467/4	1467/4	0.25	11/16	11/16	Chord	4/4	1	1	1/16	1/16	1	701							
51	51	367	367	0.5	3/4	3/4	Chord	4/4	1	1	1/8	1/8	1	702							
51	51	735/2	735/2	0.5	7/8	7/8	Chord	4/4	1	1	1/8	1/8	1	703							
51	51	364	364	1.0	0	0	Chord	4/4	1	2	1/4	1/4	1	704							
51	51	365	365	1.0	1/4	1/4	Chord	4/4	1	2	1/4	1/4	1	705							
51	51	366	366	2.0	1/2	1/2	Chord	4/4	1	2	1/2	1/2	1	706							
52	52	368	368	2.0	0	0	Chord	4/4	1	1	1/2	1/2	1	707							
52	52	371	371	1.0	3/4	3/4	Chord	4/4	1	1	1/4	1/4	1	708							
52	52	368	368	1.0	0	0	Chord	4/4	1	2	1/4	1/4	1	709							
52	52	369	369	0.5	1/4	1/4	Chord	4/4	1	2	1/8	1/8	1	710							
52	52	739/2	739/2	0.5	3/8	3/8	Chord	4/4	1	2	1/8	1/8	1	711							
52	52	370	370	2.0	1/2	1/2	Chord	4/4	1	2	1/2	1/2	1	712							
52	52	369	369	1.0	1/4	1/4	Chord	4/4	2	1	1/4	1/4	1	713							
52	52	370	370	1.0	1/2	1/2	Chord	4/4	2	1	1/4	1/4	1	714							
52	52	371	371	1.0	3/4	3/4	Chord	4/4	2	1	1/4	1/4	1	715							
53	53	372	372	2.0	0	0	Chord	4/4	1	1	1/2	1/2	1	716							
53	53	374	374	2.0	1/2	1/2	Chord	4/4	1	1	1/2	1/2	1	717							
53	53	372	372	1.0	0	0	Chord	4/4	1	2	1/4	1/4	1	718							
53	53	373	373	1.0	1/4	1/4	Chord	4/4	1	2	1/4	1/4	1	719							
53	53	374	374	1.0	1/2	1/2	Chord	4/4	1	2	1/4	1/4	1	720							
53	53	375	375	1.0	3/4	3/4	Chord	4/4	1	2	1/4	1/4	1	721							
53	53	372	372	1.5	0	0	Chord	4/4	2	1	3/8	1/4	3/2	722							
53	53	747/2	747/2	0.5	3/8	3/8	Chord	4/4	2	1	1/8	1/8	1	723							
53	53	374	374	0.5	1/2	1/2	Chord	4/4	2	1	1/8	1/8	1	724							
53	53	749/2	749/2	1.0	5/8	5/8	Chord	4/4	2	1	1/4	1/4	1	725							
53	53	751/2	751/2	0.5	7/8	7/8	Chord	4/4	2	1	1/8	1/8	1	726							
54	54	376	376	1.0	0	0	Chord	4/4	1	1	1/4	1/4	1	727							
54	54	377	377	1.5	1/4	1/4	Chord	4/4	1	1	3/8	1/4	3/2	728							
54	54	757/2	757/2	1.0	5/8	5/8	Chord	4/4	1	1	1/4	1/4	1	729							
54	54	759/2	759/2	0.5	7/8	7/8	Chord	4/4	1	1	1/8	1/8	1	730							
54	54	376	376	0.5	0	0	Chord	4/4	1	2	1/8	1/8	1	731							
54	54	753/2	753/2	0.5	1/8	1/8	Chord	4/4	1	2	1/8	1/8	1	732							
54	54	377	377	0.5	1/4	1/4	Chord	4/4	1	2	1/8	1/8	1	733							
54	54	755/2	755/2	0.5	3/8	3/8	Chord	4/4	1	2	1/8	1/8	1	734							
54	54	378	378	1.0	1/2	1/2	Chord	4/4	1	2	1/4	1/4	1	735							
54	54	379	379	1.0	3/4	3/4	Chord	4/4	1	2	1/4	1/4	1	736							
54	54	376	376	1.0	0	0	Chord	4/4	2	1	1/4	1/4	1	737							
54	54	377	377	2.0	1/4	1/4	Chord	4/4	2	1	1/2	1/2	1	738							
54	54	379	379	1.0	3/4	3/4	Chord	4/4	2	1	1/4	1/4	1	739							
55	55	380	380	2.0	0	0	Chord	4/4	1	1	1/2	1/2	1	740							
55	55	380	380	2.0	0	0	Chord	4/4	1	2	1/2	1/2	1	741							
55	55	382	382	0.5	1/2	1/2	Chord	4/4	1	2	1/8	1/8	1	742							
55	55	765/2	765/2	0.5	5/8	5/8	Chord	4/4	1	2	1/8	1/8	1	743							
55	55	383	383	0.5	3/4	3/4	Chord	4/4	1	2	1/8	1/8	1	744							
55	55	767/2	767/2	0.5	7/8	7/8	Chord	4/4	1	2	1/8	1/8	1	745							
55	55	380	380	0.5	0	0	Chord	4/4	2	1	1/8	1/8	1	746							
55	55	761/2	761/2	0.5	1/8	1/8	Chord	4/4	2	1	1/8	1/8	1	747							
55	55	381	381	0.5	1/4	1/4	Chord	4/4	2	1	1/8	1/8	1	748							
55	55	763/2	763/2	0.5	3/8	3/8	Chord	4/4	2	1	1/8	1/8	1	749							
55	55	382	382	2.0	1/2	1/2	Chord	4/4	2	1	1/2	1/2	1	750							
55	55	383	383	1.0	3/4	3/4	Chord	4/4	2	2	1/4	1/4	1	751							
56	56	384	384	0.5	0	0	Chord	4/4	1	2	1/8	1/8	1	752							
56	56	769/2	769/2	0.25	1/8	1/8	Chord	4/4	1	2	1/16	1/16	1	753							
56	56	1539/4	1539/4	0.25	3/16	3/16	Chord	4/4	1	2	1/16	1/16	1	754							
56	56	385	385	0.5	1/4	1/4	Chord	4/4	1	2	1/8	1/8	1	755							
56	56	771/2	771/2	0.5	3/8	3/8	Chord	4/4	1	2	1/8	1/8	1	756							
56	56	386	386	0.5	1/2	1/2	Chord	4/4	1	2	1/8	1/8	1	757							
56	56	773/2	773/2	0.5	5/8	5/8	Chord	4/4	1	2	1/8	1/8	1	758							
56	56	387	387	1.0	3/4	3/4	Chord	4/4	1	2	1/4	1/4	1	759							
56	56	384	384	1.5	0	0	Chord	4/4	2	1	3/8	1/4	3/2	760							
56	56	771/2	771/2	0.5	3/8	3/8	Chord	4/4	2	1	1/8	1/8	1	761							
56	56	386	386	1.5	1/2	1/2	Chord	4/4	2	1	3/8	1/4	3/2	762							
56	56	775/2	775/2	0.5	7/8	7/8	Chord	4/4	2	1	1/8	1/8	1	763							
56	56	384	384	1.0	0	0	Chord	4/4	2	2	1/4	1/4	1	764							
56	56	385	385	1.0	1/4	1/4	Chord	4/4	2	2	1/4	1/4	1	765							
56	56	386	386	1.0	1/2	1/2	Chord	4/4	2	2	1/4	1/4	1	766							
56	56	387	387	1.0	3/4	3/4	Chord	4/4	2	2	1/4	1/4	1	767							
57	57	391	391	1.0	3/4	3/4	Chord	4/4	1	1	1/4	1/4	1	768							
57	57	388	388	1.0	0	0	Chord	4/4	1	2	1/4	1/4	1	769							
57	57	389	389	1.0	1/4	1/4	Chord	4/4	1	2	1/4	1/4	1	770							
57	57	390	390	2.0	1/2	1/2	Chord	4/4	1	2	1/2	1/2	1	771							
57	57	388	388	0.5	0	0	Chord	4/4	2	1	1/8	1/8	1	772							
57	57	777/2	777/2	1.0	1/8	1/8	Chord	4/4	2	1	1/4	1/4	1	773							
57	57	779/2	779/2	0.5	3/8	3/8	Chord	4/4	2	1	1/8	1/8	1	774							
57	57	390	390	1.0	1/2	1/2	Chord	4/4	2	1	1/4	1/4	1	775							
57	57	391	391	1.0	3/4	3/4	Chord	4/4	2	1	1/4	1/4	1	776							
57	57	388	388	1.0	0	0	Chord	4/4	2	2	1/4	1/4	1	777							
57	57	389	389	1.0	1/4	1/4	Chord	4/4	2	2	1/4	1/4	1	778							
57	57	390	390	1.0	1/2	1/2	Chord	4/4	2	2	1/4	1/4	1	779							
57	57	391	391	1.0	3/4	3/4	Chord	4/4	2	2	1/4	1/4	1	780							
58	58	392	392	1.0	0	0	Chord	4/4	1	1	1/4	1/4	1	781							
58	58	393	393	1.0	1/4	1/4	Chord	4/4	1	1	1/4	1/4	1	782							
58	58	394	394	1.0	1/2	1/2	Chord	4/4	1	1	1/4	1/4	1	783							
58	58	395	395	1.0	3/4	3/4	Chord	4/4	1	1	1/4	1/4	1	784							
58	58	395	395	1.0	3/4	3/4	Chord	4/4	1	2	1/4	1/4	1	785							
58	58	392	392	3.0	0	0	Chord	4/4	2	1	3/4	1/2	3/2	786							
58	58	395	395	1.0	3/4	3/4	Chord	4/4	2	1	1/4	1/4	1	787							
58	58	392	392	1.0	0	0	Chord	4/4	2	2	1/4	1/4	1	788							
58	58	393	393	0.5	1/4	1/4	Chord	4/4	2	2	1/8	1/8	1	789							
58	58	787/2	787/2	0.5	3/8	3/8	Chord	4/4	2	2	1/8	1/8	1	790							
58	58	394	394	0.5	1/2	1/2	Chord	4/4	2	2	1/8	1/8	1	791							
58	58	789/2	789/2	0.5	5/8	5/8	Chord	4/4	2	2	1/8	1/8	1	792							
58	58	395	395	1.0	3/4	3/4	Chord	4/4	2	2	1/4	1/4	1	793							
59	59	396	396	2.0	0	0	Chord	4/4	1	1	1/2	1/2	1	794							
59	59	399	399	0.5	3/4	3/4	Chord	4/4	1	1	1/8	1/8	1	795							
59	59	799/2	799/2	0.5	7/8	7/8	Chord	4/4	1	1	1/8	1/8	1	796							
59	59	396	396	1.0	0	0	Chord	4/4	1	2	1/4	1/4	1	797							
59	59	397	397	1.0	1/4	1/4	Chord	4/4	1	2	1/4	1/4	1	798							
59	59	398	398	1.0	1/2	1/2	Chord	4/4	1	2	1/4	1/4	1	799							
59	59	399	399	1.0	3/4	3/4	Chord	4/4	1	2	1/4	1/4	1	800							
59	59	396	396	1.0	0	0	Chord	4/4	2	1	1/4	1/4	1	801							
59	59	397	397	0.5	1/4	1/4	Chord	4/4	2	1	1/8	1/8	1	802							
59	59	795/2	795/2	0.5	3/8	3/8	Chord	4/4	2	1	1/8	1/8	1	803							
59	59	398	398	0.5	1/2	1/2	Chord	4/4	2	1	1/8	1/8	1	804							
59	59	797/2	797/2	0.5	5/8	5/8	Chord	4/4	2	1	1/8	1/8	1	805							
59	59	399	399	1.0	3/4	3/4	Chord	4/4	2	1	1/4	1/4	1	806							
59	59	396	396	2.0	0	0	Chord	4/4	2	2	1/2	1/2	1	807							
59	59	399	399	1.0	3/4	3/4	Chord	4/4	2	2	1/4	1/4	1	808							
60	60	400	400	2.0	0	0	Chord	4/4	1	1	1/2	1/2	1	809							
60	60	402	402	1.5	1/2	1/2	Chord	4/4	1	1	3/8	1/4	3/2	810							
60	60	807/2	807/2	0.5	7/8	7/8	Chord	4/4	1	1	1/8	1/8	1	811							
60	60	400	400	2.0	0	0	Chord	4/4	1	2	1/2	1/2	1	812							
60	60	400	400	2.0	0	0	Chord	4/4	2	1	1/2	1/2	1	813							
60	60	402	402	2.0	1/2	1/2	Chord	4/4	2	1	1/2	1/2	1	814							
60	60	400	400	1.0	0	0	Chord	4/4	2	2	1/4	1/4	1	815							
60	60	401	401	1.0	1/4	1/4	Chord	4/4	2	2	1/4	1/4	1	816							
60	60	402	402	1.0	1/2	1/2	Chord	4/4	2	2	1/4	1/4	1	817							
60	60	403	403	1.0	3/4	3/4	Chord	4/4	2	2	1/4	1/4	1	818							
61	61	404	404	2.0	0	0	Chord	4/4	1	1	1/2	1/2	1	819							
61	61	406	406	2.0	1/2	1/2	Chord	4/4	1	1	1/2	1/2	1	820							
61	61	405	405	0.5	1/4	1/4	Chord	4/4	1	2	1/8	1/8	1	821							
61	61	811/2	811/2	0.5	3/8	3/8	Chord	4/4	1	2	1/8	1/8	1	822							
61	61	406	406	1.0	1/2	1/2	Chord	4/4	1	2	1/4	1/4	1	823							
61	61	407	407	0.5	3/4	3/4	Chord	4/4	1	2	1/8	1/8	1	824							
61	61	815/2	815/2	0.5	7/8	7/8	Chord	4/4	1	2	1/8	1/8	1	825							
61	61	405	405	1.0	1/4	1/4	Chord	4/4	2	1	1/4	1/4	1	826							
61	61	406	406	1.0	1/2	1/2	Chord	4/4	2	1	1/4	1/4	1	827							
61	61	407	407	1.0	3/4	3/4	Chord	4/4	2	1	1/4	1/4	1	828							
61	61	404	404	2.0	0	0	Chord	4/4	2	2	1/2	1/2	1	829							
62	62	408	408	2.0	0	0	Chord	4/4	1	1	1/2	1/2	1	830							
62	62	410	410	1.0	1/2	1/2	Chord	4/4	1	1	1/4	1/4	1	831							
62	62	411	411	1.0	3/4	3/4	Chord	4/4	1	1	1/4	1/4	1	832							
62	62	408	408	1.0	0	0	Chord	4/4	1	2	1/4	1/4	1	833							
62	62	409	409	1.0	1/4	1/4	Chord	4/4	1	2	1/4	1/4	1	834							
62	62	410	410	0.5	1/2	1/2	Chord	4/4	1	2	1/8	1/8	1	835							
62	62	821/2	821/2	0.5	5/8	5/8	Chord	4/4	1	2	1/8	1/8	1	836							
62	62	823/2	823/2	0.5	7/8	7/8	Chord	4/4	1	2	1/8	1/8	1	837							
62	62	408	408	0.5	0	0	Chord	4/4	2	1	1/8	1/8	1	838							
62	62	817/2	817/2	0.5	1/8	1/8	Chord	4/4	2	1	1/8	1/8	1	839							
62	62	409	409	2.0	1/4	1/4	Chord	4/4	2	1	1/2	1/2	1	840							
62	62	411	411	1.0	3/4	3/4	Chord	4/4	2	1	1/4	1/4	1	841							
63	63	412	412	2.0	0	0	Chord	4/4	1	1	1/2	1/2	1	842							
63	63	412	412	2.0	0	0	Chord	4/4	1	2	1/2	1/2	1	843							
63	63	414	414	2.0	1/2	1/2	Chord	4/4	1	2	1/2	1/2	1	844							
63	63	412	412	2.0	0	0	Chord	4/4	2	1	1/2	1/2	1	845							
63	63	414	414	0.5	1/2	1/2	Chord	4/4	2	1	1/8	1/8	1	846							
63	63	829/2	829/2	0.5	5/8	5/8	Chord	4/4	2	1	1/8	1/8	1	847							
63	63	415	415	0.5	3/4	3/4	Chord	4/4	2	1	1/8	1/8	1	848							
63	63	831/2	831/2	0.5	7/8	7/8	Chord	4/4	2	1	1/8	1/8	1	849							
63	63	412	412	0.5	0	0	Chord	4/4	2	2	1/8	1/8	1	850							
63	63	825/2	825/2	0.5	1/8	1/8	Chord	4/4	2	2	1/8	1/8	1	851							
63	63	413	413	0.5	1/4	1/4	Chord	4/4	2	2	1/8	1/8	1	852							
63	63	827/2	827/2	0.5	3/8	3/8	Chord	4/4	2	2	1/8	1/8	1	853							
63	63	414	414	1.5	1/2	1/2	Chord	4/4	2	2	3/8	1/4	3/2	854							
63	63	831/2	831/2	0.25	7/8	7/8	Chord	4/4	2	2	1/16	1/16	1	855							
63	63	1663/4	1663/4	0.25	15/16	15/16	Chord	4/4	2	2	1/16	1/16	1	856							
64	64	417	417	1.0	1/4	1/4	Chord	4/4	1	1	1/4	1/4	1	857							
64	64	418	418	1.0	1/2	1/2	Chord	4/4	1	1	1/4	1/4	1	858							
64	64	419	419	1.0	3/4	3/4	Chord	4/4	1	1	1/4	1/4	1	859							
64	64	416	416	0.5	0	0	Chord	4/4	2	1	1/8	1/8	1	860							
64	64	833/2	833/2	0.25	1/8	1/8	Chord	4/4	2	1	1/16	1/16	1	861							
64	64	1667/4	1667/4	0.25	3/16	3/16	Chord	4/4	2	1	1/16	1/16	1	862							
64	64	417	417	0.5	1/4	1/4	Chord	4/4	2	1	1/8	1/8	1	863							
64	64	835/2	835/2	0.5	3/8	3/8	Chord	4/4	2	1	1/8	1/8	1	864							
64	64	418	418	0.5	1/2	1/2	Chord	4/4	2	1	1/8	1/8	1	865							
64	64	837/2	837/2	0.5	5/8	5/8	Chord	4/4	2	1	1/8	1/8	1	866							
64	64	419	419	0.5	3/4	3/4	Chord	4/4	2	1	1/8	1/8	1	867							
64	64	839/2	839/2	0.5	7/8	7/8	Chord	4/4	2	1	1/8	1/8	1	868							
64	64	416	416	1.0	0	0	Chord	4/4	2	2	1/4	1/4	1	869							
64	64	417	417	1.0	1/4	1/4	Chord	4/4	2	2	1/4	1/4	1	870							
64	64	418	418	1.5	1/2	1/2	Chord	4/4	2	2	3/8	1/4	3/2	871							
64	64	839/2	839/2	0.5	7/8	7/8	Chord	4/4	2	2	1/8	1/8	1	872							
65	65	420	420	1.0	0	0	Chord	4/4	1	1	1/4	1/4	1	873							
65	65	421	421	1.0	1/4	1/4	Chord	4/4	1	1	1/4	1/4	1	874							
65	65	422	422	0.5	1/2	1/2	Chord	4/4	1	1	1/8	1/8	1	875							
65	65	845/2	845/2	0.5	5/8	5/8	Chord	4/4	1	1	1/8	1/8	1	876							
65	65	423	423	0.5	3/4	3/4	Chord	4/4	1	1	1/8	1/8	1	877							
65	65	847/2	847/2	0.5	7/8	7/8	Chord	4/4	1	1	1/8	1/8	1	878							
65	65	420	420	0.5	0	0	Chord	4/4	2	1	1/8	1/8	1	879							
65	65	841/2	841/2	0.5	1/8	1/8	Chord	4/4	2	1	1/8	1/8	1	880							
65	65	421	421	2.0	1/4	1/4	Chord	4/4	2	1	1/2	1/2	1	881							
65	65	423	423	1.0	3/4	3/4	Chord	4/4	2	1	1/4	1/4	1	882							
65	65	420	420	2.0	0	0	Chord	4/4	2	2	1/2	1/2	1	883							
65	65	422	422	2.0	1/2	1/2	Chord	4/4	2	2	1/2	1/2	1	884							
66	66	424	424	0.5	0	0	Chord	4/4	1	1	1/8	1/8	1	885							
66	66	849/2	849/2	0.5	1/8	1/8	Chord	4/4	1	1	1/8	1/8	1	886							
66	66	425	425	0.5	1/4	1/4	Chord	4/4	1	1	1/8	1/8	1	887							
66	66	851/2	851/2	0.5	3/8	3/8	Chord	4/4	1	1	1/8	1/8	1	888							
66	66	426	426	2.0	1/2	1/2	Chord	4/4	1	1	1/2	1/2	1	889							
66	66	425	425	0.5	1/4	1/4	Chord	4/4	2	1	1/8	1/8	1	890							
66	66	851/2	851/2	0.5	3/8	3/8	Chord	4/4	2	1	1/8	1/8	1	891							
66	66	426	426	1.0	1/2	1/2	Chord	4/4	2	1	1/4	1/4	1	892							
66	66	427	427	0.5	3/4	3/4	Chord	4/4	2	1	1/8	1/8	1	893							
66	66	855/2	855/2	0.5	7/8	7/8	Chord	4/4	2	1	1/8	1/8	1	894							
66	66	424	424	4.0	0	0	Chord	4/4	2	2	1	1	1	895							
67	67	429	429	0.5	1/4	1/4	Chord	4/4	1	2	1/8	1/8	1	896							
67	67	859/2	859/2	0.5	3/8	3/8	Chord	4/4	1	2	1/8	1/8	1	897							
67	67	430	430	0.5	1/2	1/2	Chord	4/4	1	2	1/8	1/8	1	898							
67	67	861/2	861/2	0.5	5/8	5/8	Chord	4/4	1	2	1/8	1/8	1	899							
67	67	431	431	0.5	3/4	3/4	Chord	4/4	1	2	1/8	1/8	1	900							
67	67	863/2	863/2	0.25	7/8	7/8	Chord	4/4	1	2	1/16	1/16	1	901							
67	67	1727/4	1727/4	0.25	15/16	15/16	Chord	4/4	1	2	1/16	1/16	1	902							
67	67	428	428	1.5	0	0	Chord	4/4	2	1	3/8	1/4	3/2	903							
67	67	859/2	859/2	0.5	3/8	3/8	Chord	4/4	2	1	1/8	1/8	1	904							
67	67	430	430	1.0	1/2	1/2	Chord	4/4	2	1	1/4	1/4	1	905							
67	67	431	431	1.0	3/4	3/4	Chord	4/4	2	1	1/4	1/4	1	906							
68	68	433	433	0.5	1/4	1/4	Chord	8/4	1	1	1/8	1/8	1	907							
68	68	867/2	867/2	0.5	3/8	3/8	Chord	8/4	1	1	1/8	1/8	1	908							
68	68	434	434	0.5	1/2	1/2	Chord	8/4	1	1	1/8	1/8	1	909							
68	68	869/2	869/2	0.5	5/8	5/8	Chord	8/4	1	1	1/8	1/8	1	910							
68	68	435	435	0.5	3/4	3/4	Chord	8/4	1	1	1/8	1/8	1	911							
68	68	871/2	871/2	0.25	7/8	7/8	Chord	8/4	1	1	1/16	1/16	1	912							
68	68	1743/4	1743/4	0.25	15/16	15/16	Chord	8/4	1	1	1/16	1/16	1	913							
68	68	436	436	0.5	1	1	Chord	8/4	1	1	1/8	1/8	1	914							
68	68	873/2	873/2	0.5	9/8	9/8	Chord	8/4	1	1	1/8	1/8	1	915							
68	68	437	437	0.5	5/4	5/4	Chord	8/4	1	1	1/8	1/8	1	916							
68	68	875/2	875/2	0.5	11/8	11/8	Chord	8/4	1	1	1/8	1/8	1	917							
68	68	438	438	1.0	3/2	3/2	Chord	8/4	1	1	1/4	1/4	1	918							
68	68	439	439	1.0	7/4	7/4	Chord	8/4	1	1	1/4	1/4	1	919							
68	68	432	432	0.5	0	0	Chord	8/4	1	2	1/8	1/8	1	920							
68	68	865/2	865/2	0.5	1/8	1/8	Chord	8/4	1	2	1/8	1/8	1	921							
68	68	433	433	0.5	1/4	1/4	Chord	8/4	1	2	1/8	1/8	1	922							
68	68	867/2	867/2	0.5	3/8	3/8	Chord	8/4	1	2	1/8	1/8	1	923							
68	68	434	434	1.0	1/2	1/2	Chord	8/4	1	2	1/4	1/4	1	924							
68	68	435	435	1.5	3/4	3/4	Chord	8/4	1	2	3/8	1/4	3/2	925							
68	68	873/2	873/2	0.5	9/8	9/8	Chord	8/4	1	2	1/8	1/8	1	926							
68	68	437	437	0.5	5/4	5/4	Chord	8/4	1	2	1/8	1/8	1	927							
68	68	875/2	875/2	0.5	11/8	11/8	Chord	8/4	1	2	1/8	1/8	1	928							
68	68	438	438	1.0	3/2	3/2	Chord	8/4	1	2	1/4	1/4	1	929							
68	68	439	439	1.0	7/4	7/4	Chord	8/4	1	2	1/4	1/4	1	930							
68	68	432	432	3.0	0	0	Chord	8/4	2	1	3/4	1/2	3/2	931							
68	68	435	435	1.0	3/4	3/4	Chord	8/4	2	1	1/4	1/4	1	932							
68	68	436	436	2.0	1	1	Chord	8/4	2	1	1/2	1/2	1	933							
68	68	439	439	1.0	7/4	7/4	Chord	8/4	2	1	1/4	1/4	1	934							
69	69	440	440	4.0	0	0	Chord	4/4	1	1	1	1	1	935							
69	69	440	440	3.0	0	0	Chord	4/4	1	2	3/4	1/2	3/2	936							
69	69	443	443	1.0	3/4	3/4	Chord	4/4	1	2	1/4	1/4	1	937							
69	69	440	440	1.0	0	0	Chord	4/4	2	1	1/4	1/4	1	938							
69	69	441	441	1.0	1/4	1/4	Chord	4/4	2	1	1/4	1/4	1	939							
69	69	442	442	1.0	1/2	1/2	Chord	4/4	2	1	1/4	1/4	1	940							
69	69	443	443	1.0	3/4	3/4	Chord	4/4	2	1	1/4	1/4	1	941							
69	69	441	441	0.5	1/4	1/4	Chord	4/4	2	2	1/8	1/8	1	942							
69	69	883/2	883/2	0.5	3/8	3/8	Chord	4/4	2	2	1/8	1/8	1	943							
69	69	442	442	0.5	1/2	1/2	Chord	4/4	2	2	1/8	1/8	1	944							
69	69	885/2	885/2	0.5	5/8	5/8	Chord	4/4	2	2	1/8	1/8	1	945							
69	69	443	443	0.5	3/4	3/4	Chord	4/4	2	2	1/8	1/8	1	946							
69	69	887/2	887/2	0.25	7/8	7/8	Chord	4/4	2	2	1/16	1/16	1	947							
69	69	1775/4	1775/4	0.25	15/16	15/16	Chord	4/4	2	2	1/16	1/16	1	948							
70	70	444	444	1.0	0	0	Chord	4/4	1	1	1/4	1/4	1	949							
70	70	445	445	1.0	1/4	1/4	Chord	4/4	1	1	1/4	1/4	1	950							
70	70	446	446	2.0	1/2	1/2	Chord	4/4	1	1	1/2	1/2	1	951							
70	70	444	444	1.0	0	0	Chord	4/4	1	2	1/4	1/4	1	952							
70	70	445	445	1.0	1/4	1/4	Chord	4/4	1	2	1/4	1/4	1	953							
70	70	446	446	2.0	1/2	1/2	Chord	4/4	1	2	1/2	1/2	1	954							
70	70	444	444	2.0	0	0	Chord	4/4	2	1	1/2	1/2	1	955							
70	70	446	446	0.5	1/2	1/2	Chord	4/4	2	1	1/8	1/8	1	956							
70	70	893/2	893/2	0.5	5/8	5/8	Chord	4/4	2	1	1/8	1/8	1	957							
70	70	447	447	1.0	3/4	3/4	Chord	4/4	2	1	1/4	1/4	1	958							
70	70	444	444	0.5	0	0	Chord	4/4	2	2	1/8	1/8	1	959							
70	70	889/2	889/2	0.5	1/8	1/8	Chord	4/4	2	2	1/8	1/8	1	960							
70	70	445	445	0.5	1/4	1/4	Chord	4/4	2	2	1/8	1/8	1	961							
70	70	891/2	891/2	0.5	3/8	3/8	Chord	4/4	2	2	1/8	1/8	1	962							
70	70	446	446	1.5	1/2	1/2	Chord	4/4	2	2	3/8	1/4	3/2	963							
70	70	895/2	895/2	0.25	7/8	7/8	Chord	4/4	2	2	1/16	1/16	1	964							
70	70	1791/4	1791/4	0.25	15/16	15/16	Chord	4/4	2	2	1/16	1/16	1	965							
71	71	448	448	8.0	0	0	Chord	8/4	1	1	2	2	1	966							
71	71	448	448	4.0	0	0	Chord	8/4	1	2	1	1	1	967							
71	71	452	452	4.0	1	1	Chord	8/4	1	2	1	1	1	968							
71	71	448	448	1.0	0	0	Chord	8/4	2	1	1/4	1/4	1	969							
71	71	449	449	0.5	1/4	1/4	Chord	8/4	2	1	1/8	1/8	1	970							
71	71	899/2	899/2	0.5	3/8	3/8	Chord	8/4	2	1	1/8	1/8	1	971							
71	71	450	450	2.0	1/2	1/2	Chord	8/4	2	1	1/2	1/2	1	972							
71	71	452	452	4.0	1	1	Chord	8/4	2	1	1	1	1	973							
71	71	448	448	2.0	0	0	Chord	8/4	2	2	1/2	1/2	1	974							
71	71	450	450	2.0	1/2	1/2	Chord	8/4	2	2	1/2	1/2	1	975							
71	71	452	452	4.0	1	1	Chord	8/4	2	2	1	1	1	976							
72	72	456	456	0.0	0	0	StaffText	4/4	1	1	0					Alio modo					
72	72	456	456	3.0	0	0	Chord	4/4	1	1	3/4	1/2	3/2	977							
72	72	459	459	1.0	3/4	3/4	Chord	4/4	1	1	1/4	1/4	1	978							
72	72	913/2	913/2	0.5	1/8	1/8	Chord	4/4	1	2	1/8	1/8	1	979							
72	72	457	457	0.5	1/4	1/4	Chord	4/4	1	2	1/8	1/8	1	980							
72	72	915/2	915/2	0.5	3/8	3/8	Chord	4/4	1	2	1/8	1/8	1	981							
72	72	458	458	0.5	1/2	1/2	Chord	4/4	1	2	1/8	1/8	1	982							
72	72	917/2	917/2	0.25	5/8	5/8	Chord	4/4	1	2	1/16	1/16	1	983							
72	72	1835/4	1835/4	0.25	11/16	11/16	Chord	4/4	1	2	1/16	1/16	1	984							
72	72	459	459	0.5	3/4	3/4	Chord	4/4	1	2	1/8	1/8	1	985							
72	72	919/2	919/2	0.5	7/8	7/8	Chord	4/4	1	2	1/8	1/8	1	986							
73	73	460	460	1.0	0	0	Chord	4/4	1	1	1/4	1/4	1	987							
73	73	461	461	1.0	1/4	1/4	Chord	4/4	1	1	1/4	1/4	1	988							
73	73	462	462	1.0	1/2	1/2	Chord	4/4	1	1	1/4	1/4	1	989							
73	73	463	463	0.5	3/4	3/4	Chord	4/4	1	1	1/8	1/8	1	990							
73	73	927/2	927/2	0.5	7/8	7/8	Chord	4/4	1	1	1/8	1/8	1	991							
73	73	460	460	2.0	0	0	Chord	4/4	1	2	1/2	1/2	1	992							
73	73	462	462	1.0	1/2	1/2	Chord	4/4	1	2	1/4	1/4	1	993							
73	73	463	463	1.0	3/4	3/4	Chord	4/4	1	2	1/4	1/4	1	994							
73	73	921/2	921/2	0.5	1/8	1/8	Chord	4/4	2	1	1/8	1/8	1	995							
73	73	461	461	0.5	1/4	1/4	Chord	4/4	2	1	1/8	1/8	1	996							
73	73	923/2	923/2	0.5	3/8	3/8	Chord	4/4	2	1	1/8	1/8	1	997							
73	73	462	462	0.5	1/2	1/2	Chord	4/4	2	1	1/8	1/8	1	998							
73	73	925/2	925/2	0.25	5/8	5/8	Chord	4/4	2	1	1/16	1/16	1	999							
73	73	1851/4	1851/4	0.25	11/16	11/16	Chord	4/4	2	1	1/16	1/16	1	1000							
73	73	463	463	0.5	3/4	3/4	Chord	4/4	2	1	1/8	1/8	1	1001							
73	73	927/2	927/2	0.5	7/8	7/8	Chord	4/4	2	1	1/8	1/8	1	1002							
74	74	464	464	1.0	0	0	Chord	4/4	1	1	1/4	1/4	1	1003							
74	74	465	465	1.0	1/4	1/4	Chord	4/4	1	1	1/4	1/4	1	1004							
74	74	466	466	1.0	1/2	1/2	Chord	4/4	1	1	1/4	1/4	1	1005							
74	74	467	467	1.0	3/4	3/4	Chord	4/4	1	1	1/4	1/4	1	1006							
74	74	464	464	1.0	0	0	Chord	4/4	1	2	1/4	1/4	1	1007							
74	74	465	465	1.0	1/4	1/4	Chord	4/4	1	2	1/4	1/4	1	1008							
74	74	466	466	2.0	1/2	1/2	Chord	4/4	1	2	1/2	1/2	1	1009							
74	74	464	464	0.5	0	0	Chord	4/4	2	1	1/8	1/8	1	1010							
74	74	929/2	929/2	0.5	1/8	1/8	Chord	4/4	2	1	1/8	1/8	1	1011							
74	74	465	465	0.5	1/4	1/4	Chord	4/4	2	1	1/8	1/8	1	1012							
74	74	931/2	931/2	0.5	3/8	3/8	Chord	4/4	2	1	1/8	1/8	1	1013							
74	74	466	466	1.0	1/2	1/2	Chord	4/4	2	1	1/4	1/4	1	1014							
74	74	467	467	1.0	3/4	3/4	Chord	4/4	2	1	1/4	1/4	1	1015							
74	74	933/2	933/2	0.5	5/8	5/8	Chord	4/4	2	2	1/8	1/8	1	1016							
74	74	467	467	0.5	3/4	3/4	Chord	4/4	2	2	1/8	1/8	1	1017							
74	74	935/2	935/2	0.5	7/8	7/8	Chord	4/4	2	2	1/8	1/8	1	1018							
75	75	468	468	2.0	0	0	Chord	4/4	1	1	1/2	1/2	1	1019							
75	75	470	470	2.0	1/2	1/2	Chord	4/4	1	1	1/2	1/2	1	1020							
75	75	468	468	2.0	0	0	Chord	4/4	1	2	1/2	1/2	1	1021							
75	75	471	471	1.0	3/4	3/4	Chord	4/4	1	2	1/4	1/4	1	1022							
75	75	468	468	1.0	0	0	Chord	4/4	2	1	1/4	1/4	1	1023							
75	75	469	469	1.0	1/4	1/4	Chord	4/4	2	1	1/4	1/4	1	1024							
75	75	941/2	941/2	0.5	5/8	5/8	Chord	4/4	2	1	1/8	1/8	1	1025							
75	75	471	471	0.5	3/4	3/4	Chord	4/4	2	1	1/8	1/8	1	1026							
75	75	943/2	943/2	0.5	7/8	7/8	Chord	4/4	2	1	1/8	1/8	1	1027							
75	75	468	468	0.5	0	0	Chord	4/4	2	2	1/8	1/8	1	1028							
75	75	937/2	937/2	0.25	1/8	1/8	Chord	4/4	2	2	1/16	1/16	1	1029							
75	75	1875/4	1875/4	0.25	3/16	3/16	Chord	4/4	2	2	1/16	1/16	1	1030							
75	75	469	469	0.5	1/4	1/4	Chord	4/4	2	2	1/8	1/8	1	1031							
75	75	939/2	939/2	0.5	3/8	3/8	Chord	4/4	2	2	1/8	1/8	1	1032							
75	75	470	470	2.0	1/2	1/2	Chord	4/4	2	2	1/2	1/2	1	1033							
76	76	472	472	2.0	0	0	Chord	4/4	1	1	1/2	1/2	1	1034							
76	76	472	472	2.0	0	0	Chord	4/4	1	2	1/2	1/2	1	1035							
76	76	949/2	949/2	0.5	5/8	5/8	Chord	4/4	1	2	1/8	1/8	1	1036							
76	76	475	475	0.5	3/4	3/4	Chord	4/4	1	2	1/8	1/8	1	1037							
76	76	951/2	951/2	0.5	7/8	7/8	Chord	4/4	1	2	1/8	1/8	1	1038							
76	76	472	472	0.5	0	0	Chord	4/4	2	1	1/8	1/8	1	1039							
76	76	945/2	945/2	0.25	1/8	1/8	Chord	4/4	2	1	1/16	1/16	1	1040							
76	76	1891/4	1891/4	0.25	3/16	3/16	Chord	4/4	2	1	1/16	1/16	1	1041							
76	76	473	473	0.5	1/4	1/4	Chord	4/4	2	1	1/8	1/8	1	1042							
76	76	947/2	947/2	0.5	3/8	3/8	Chord	4/4	2	1	1/8	1/8	1	1043							
76	76	474	474	1.0	1/2	1/2	Chord	4/4	2	1	1/4	1/4	1	1044							
76	76	475	475	1.0	3/4	3/4	Chord	4/4	2	1	1/4	1/4	1	1045							
76	76	474	474	2.0	1/2	1/2	Chord	4/4	2	2	1/2	1/2	1	1046							
77	77	957/2	957/2	0.5	5/8	5/8	Chord	4/4	1	1	1/8	1/8	1	1047							
77	77	479	479	0.5	3/4	3/4	Chord	4/4	1	1	1/8	1/8	1	1048							
77	77	959/2	959/2	0.5	7/8	7/8	Chord	4/4	1	1	1/8	1/8	1	1049							
77	77	476	476	0.5	0	0	Chord	4/4	1	2	1/8	1/8	1	1050							
77	77	953/2	953/2	0.25	1/8	1/8	Chord	4/4	1	2	1/16	1/16	1	1051							
77	77	1907/4	1907/4	0.25	3/16	3/16	Chord	4/4	1	2	1/16	1/16	1	1052							
77	77	477	477	0.5	1/4	1/4	Chord	4/4	1	2	1/8	1/8	1	1053							
77	77	955/2	955/2	0.5	3/8	3/8	Chord	4/4	1	2	1/8	1/8	1	1054							
77	77	478	478	1.0	1/2	1/2	Chord	4/4	1	2	1/4	1/4	1	1055							
77	77	479	479	1.0	3/4	3/4	Chord	4/4	1	2	1/4	1/4	1	1056							
77	77	476	476	1.0	0	0	Chord	4/4	2	1	1/4	1/4	1	1057							
77	77	477	477	1.0	1/4	1/4	Chord	4/4	2	1	1/4	1/4	1	1058							
77	77	478	478	2.0	1/2	1/2	Chord	4/4	2	1	1/2	1/2	1	1059							
77	77	476	476	1.0	0	0	Chord	4/4	2	2	1/4	1/4	1	1060							
77	77	477	477	1.0	1/4	1/4	Chord	4/4	2	2	1/4	1/4	1	1061							
77	77	478	478	1.0	1/2	1/2	Chord	4/4	2	2	1/4	1/4	1	1062							
77	77	479	479	1.0	3/4	3/4	Chord	4/4	2	2	1/4	1/4	1	1063							
78	78	480	480	0.5	0	0	Chord	4/4	1	1	1/8	1/8	1	1064							
78	78	961/2	961/2	0.25	1/8	1/8	Chord	4/4	1	1	1/16	1/16	1	1065							
78	78	1923/4	1923/4	0.25	3/16	3/16	Chord	4/4	1	1	1/16	1/16	1	1066							
78	78	481	481	0.5	1/4	1/4	Chord	4/4	1	1	1/8	1/8	1	1067							
78	78	963/2	963/2	0.5	3/8	3/8	Chord	4/4	1	1	1/8	1/8	1	1068							
78	78	482	482	0.5	1/2	1/2	Chord	4/4	1	1	1/8	1/8	1	1069							
78	78	965/2	965/2	0.5	5/8	5/8	Chord	4/4	1	1	1/8	1/8	1	1070							
78	78	483	483	0.5	3/4	3/4	Chord	4/4	1	1	1/8	1/8	1	1071							
78	78	967/2	967/2	0.5	7/8	7/8	Chord	4/4	1	1	1/8	1/8	1	1072							
78	78	480	480	1.0	0	0	Chord	4/4	2	1	1/4	1/4	1	1073							
78	78	481	481	2.0	1/4	1/4	Chord	4/4	2	1	1/2	1/2	1	1074							
78	78	483	483	1.0	3/4	3/4	Chord	4/4	2	1	1/4	1/4	1	1075							
78	78	480	480	2.0	0	0	Chord	4/4	2	2	1/2	1/2	1	1076							
78	78	482	482	2.0	1/2	1/2	Chord	4/4	2	2	1/2	1/2	1	1077							
79	79	484	484	0.5	0	0	Chord	4/4	1	1	1/8	1/8	1	1078							
79	79	969/2	969/2	0.5	1/8	1/8	Chord	4/4	1	1	1/8	1/8	1	1079							
79	79	485	485	0.5	1/4	1/4	Chord	4/4	1	1	1/8	1/8	1	1080							
79	79	971/2	971/2	0.5	3/8	3/8	Chord	4/4	1	1	1/8	1/8	1	1081							
79	79	486	486	0.5	1/2	1/2	Chord	4/4	1	1	1/8	1/8	1	1082							
79	79	973/2	973/2	0.25	5/8	5/8	Chord	4/4	1	1	1/16	1/16	1	1083							
79	79	1947/4	1947/4	0.25	11/16	11/16	Chord	4/4	1	1	1/16	1/16	1	1084							
79	79	487	487	0.5	3/4	3/4	Chord	4/4	1	1	1/8	1/8	1	1085							
79	79	975/2	975/2	0.5	7/8	7/8	Chord	4/4	1	1	1/8	1/8	1	1086							
79	79	484	484	1.0	0	0	Chord	4/4	2	1	1/4	1/4	1	1087							
79	79	485	485	2.0	1/4	1/4	Chord	4/4	2	1	1/2	1/2	1	1088							
79	79	487	487	1.0	3/4	3/4	Chord	4/4	2	1	1/4	1/4	1	1089							
79	79	484	484	2.0	0	0	Chord	4/4	2	2	1/2	1/2	1	1090							
79	79	486	486	2.0	1/2	1/2	Chord	4/4	2	2	1/2	1/2	1	1091							
80	80	488	488	0.5	0	0	Chord	4/4	1	1	1/8	1/8	1	1092							
80	80	977/2	977/2	0.5	1/8	1/8	Chord	4/4	1	1	1/8	1/8	1	1093							
80	80	489	489	1.0	1/4	1/4	Chord	4/4	1	1	1/4	1/4	1	1094							
80	80	490	490	2.0	1/2	1/2	Chord	4/4	1	1	1/2	1/2	1	1095							
80	80	488	488	0.5	0	0	Chord	4/4	2	1	1/8	1/8	1	1096							
80	80	977/2	977/2	1.0	1/8	1/8	Chord	4/4	2	1	1/4	1/4	1	1097							
80	80	979/2	979/2	1.0	3/8	3/8	Chord	4/4	2	1	1/4	1/4	1	1098							
80	80	981/2	981/2	0.25	5/8	5/8	Chord	4/4	2	1	1/16	1/16	1	1099							
80	80	1963/4	1963/4	0.25	11/16	11/16	Chord	4/4	2	1	1/16	1/16	1	1100							
80	80	491	491	1.0	3/4	3/4	Chord	4/4	2	1	1/4	1/4	1	1101							
80	80	488	488	4.0	0	0	Chord	4/4	2	2	1	1	1	1102							
81	81	492	492	4.0	0	0	Chord	4/4	1	1	1	1	1	1103							
81	81	492	492	3.0	0	0	Chord	4/4	1	2	3/4	1/2	3/2	1104							
81	81	495	495	1.0	3/4	3/4	Chord	4/4	1	2	1/4	1/4	1	1105							
81	81	985/2	985/2	0.5	1/8	1/8	Chord	4/4	2	1	1/8	1/8	1	1106							
81	81	493	493	0.5	1/4	1/4	Chord	4/4	2	1	1/8	1/8	1	1107							
81	81	987/2	987/2	0.5	3/8	3/8	Chord	4/4	2	1	1/8	1/8	1	1108							
81	81	494	494	0.5	1/2	1/2	Chord	4/4	2	1	1/8	1/8	1	1109							
81	81	989/2	989/2	0.25	5/8	5/8	Chord	4/4	2	1	1/16	1/16	1	1110							
81	81	1979/4	1979/4	0.25	11/16	11/16	Chord	4/4	2	1	1/16	1/16	1	1111							
81	81	495	495	0.5	3/4	3/4	Chord	4/4	2	1	1/8	1/8	1	1112							
81	81	991/2	991/2	0.5	7/8	7/8	Chord	4/4	2	1	1/8	1/8	1	1113							
82	82	496	496	1.0	0	0	Chord	4/4	1	2	1/4	1/4	1	1114							
82	82	497	497	0.5	1/4	1/4	Chord	4/4	1	2	1/8	1/8	1	1115							
82	82	995/2	995/2	0.5	3/8	3/8	Chord	4/4	1	2	1/8	1/8	1	1116							
82	82	498	498	2.0	1/2	1/2	Chord	4/4	1	2	1/2	1/2	1	1117							
82	82	496	496	0.5	0	0	Chord	4/4	2	1	1/8	1/8	1	1118							
82	82	993/2	993/2	0.5	1/8	1/8	Chord	4/4	2	1	1/8	1/8	1	1119							
82	82	497	497	0.5	1/4	1/4	Chord	4/4	2	1	1/8	1/8	1	1120							
82	82	995/2	995/2	0.5	3/8	3/8	Chord	4/4	2	1	1/8	1/8	1	1121							
82	82	498	498	1.0	1/2	1/2	Chord	4/4	2	1	1/4	1/4	1	1122							
82	82	499	499	1.0	3/4	3/4	Chord	4/4	2	1	1/4	1/4	1	1123							
82	82	997/2	997/2	0.5	5/8	5/8	Chord	4/4	2	2	1/8	1/8	1	1124							
82	82	499	499	0.5	3/4	3/4	Chord	4/4	2	2	1/8	1/8	1	1125							
82	82	999/2	999/2	0.5	7/8	7/8	Chord	4/4	2	2	1/8	1/8	1	1126							
83	83	500	500	0.5	0	0	Chord	4/4	1	1	1/8	1/8	1	1127							
83	83	1001/2	1001/2	0.5	1/8	1/8	Chord	4/4	1	1	1/8	1/8	1	1128							
83	83	501	501	0.5	1/4	1/4	Chord	4/4	1	1	1/8	1/8	1	1129							
83	83	1003/2	1003/2	0.5	3/8	3/8	Chord	4/4	1	1	1/8	1/8	1	1130							
83	83	502	502	0.75	1/2	1/2	Chord	4/4	1	1	3/16	1/8	3/2	1131							
83	83	2011/4	2011/4	0.25	11/16	11/16	Chord	4/4	1	1	1/16	1/16	1	1132							
83	83	503	503	0.5	3/4	3/4	Chord	4/4	1	1	1/8	1/8	1	1133							
83	83	1007/2	1007/2	0.5	7/8	7/8	Chord	4/4	1	1	1/8	1/8	1	1134							
83	83	501	501	1.0	1/4	1/4	Chord	4/4	1	2	1/4	1/4	1	1135							
83	83	502	502	1.0	1/2	1/2	Chord	4/4	1	2	1/4	1/4	1	1136							
83	83	503	503	1.0	3/4	3/4	Chord	4/4	1	2	1/4	1/4	1	1137							
83	83	500	500	2.0	0	0	Chord	4/4	2	1	1/2	1/2	1	1138							
83	83	503	503	1.0	3/4	3/4	Chord	4/4	2	1	1/4	1/4	1	1139							
83	83	500	500	1.5	0	0	Chord	4/4	2	2	3/8	1/4	3/2	1140							
83	83	1003/2	1003/2	0.25	3/8	3/8	Chord	4/4	2	2	1/16	1/16	1	1141							
83	83	2007/4	2007/4	0.25	7/16	7/16	Chord	4/4	2	2	1/16	1/16	1	1142							
83	83	502	502	0.5	1/2	1/2	Chord	4/4	2	2	1/8	1/8	1	1143							
83	83	1005/2	1005/2	0.5	5/8	5/8	Chord	4/4	2	2	1/8	1/8	1	1144							
83	83	503	503	0.5	3/4	3/4	Chord	4/4	2	2	1/8	1/8	1	1145							
83	83	1007/2	1007/2	0.5	7/8	7/8	Chord	4/4	2	2	1/8	1/8	1	1146							
84	84	504	504	0.5	0	0	Chord	4/4	1	1	1/8	1/8	1	1147							
84	84	1009/2	1009/2	0.5	1/8	1/8	Chord	4/4	1	1	1/8	1/8	1	1148							
84	84	505	505	0.5	1/4	1/4	Chord	4/4	1	1	1/8	1/8	1	1149							
84	84	1011/2	1011/2	0.5	3/8	3/8	Chord	4/4	1	1	1/8	1/8	1	1150							
84	84	506	506	0.5	1/2	1/2	Chord	4/4	1	1	1/8	1/8	1	1151							
84	84	1013/2	1013/2	0.5	5/8	5/8	Chord	4/4	1	1	1/8	1/8	1	1152							
84	84	507	507	0.5	3/4	3/4	Chord	4/4	1	1	1/8	1/8	1	1153							
84	84	1015/2	1015/2	0.5	7/8	7/8	Chord	4/4	1	1	1/8	1/8	1	1154							
84	84	504	504	1.0	0	0	Chord	4/4	1	2	1/4	1/4	1	1155							
84	84	505	505	1.0	1/4	1/4	Chord	4/4	1	2	1/4	1/4	1	1156							
84	84	506	506	2.0	1/2	1/2	Chord	4/4	1	2	1/2	1/2	1	1157							
84	84	504	504	0.5	0	0	Chord	4/4	2	1	1/8	1/8	1	1158							
84	84	1009/2	1009/2	0.5	1/8	1/8	Chord	4/4	2	1	1/8	1/8	1	1159							
84	84	505	505	0.5	1/4	1/4	Chord	4/4	2	1	1/8	1/8	1	1160							
84	84	1011/2	1011/2	0.5	3/8	3/8	Chord	4/4	2	1	1/8	1/8	1	1161							
84	84	506	506	0.5	1/2	1/2	Chord	4/4	2	1	1/8	1/8	1	1162							
84	84	1013/2	1013/2	0.25	5/8	5/8	Chord	4/4	2	1	1/16	1/16	1	1163							
84	84	2027/4	2027/4	0.25	11/16	11/16	Chord	4/4	2	1	1/16	1/16	1	1164							
84	84	507	507	0.5	3/4	3/4	Chord	4/4	2	1	1/8	1/8	1	1165							
84	84	1015/2	1015/2	0.5	7/8	7/8	Chord	4/4	2	1	1/8	1/8	1	1166							
84	84	504	504	2.0	0	0	Chord	4/4	2	2	1/2	1/2	1	1167							
84	84	506	506	2.0	1/2	1/2	Chord	4/4	2	2	1/2	1/2	1	1168							
85	85	508	508	0.5	0	0	Chord	8/4	1	1	1/8	1/8	1	1169							
85	85	1017/2	1017/2	1.0	1/8	1/8	Chord	8/4	1	1	1/4	1/4	1	1170							
85	85	1019/2	1019/2	1.0	3/8	3/8	Chord	8/4	1	1	1/4	1/4	1	1171							
85	85	1021/2	1021/2	0.25	5/8	5/8	Chord	8/4	1	1	1/16	1/16	1	1172							
85	85	2043/4	2043/4	0.25	11/16	11/16	Chord	8/4	1	1	1/16	1/16	1	1173							
85	85	511	511	1.0	3/4	3/4	Chord	8/4	1	1	1/4	1/4	1	1174							
85	85	512	512	4.0	1	1	Chord	8/4	1	1	1	1	1	1175							
85	85	509	509	1.0	1/4	1/4	Chord	8/4	1	2	1/4	1/4	1	1176							
85	85	510	510	2.0	1/2	1/2	Chord	8/4	1	2	1/2	1/2	1	1177							
85	85	512	512	4.0	1	1	Chord	8/4	1	2	1	1	1	1178							
85	85	508	508	0.5	0	0	Chord	8/4	2	1	1/8	1/8	1	1179							
85	85	1017/2	1017/2	0.5	1/8	1/8	Chord	8/4	2	1	1/8	1/8	1	1180							
85	85	509	509	1.0	1/4	1/4	Chord	8/4	2	1	1/4	1/4	1	1181							
85	85	510	510	2.0	1/2	1/2	Chord	8/4	2	1	1/2	1/2	1	1182							
85	85	512	512	4.0	1	1	Chord	8/4	2	1	1	1	1	1183							
85	85	508	508	4.0	0	0	Chord	8/4	2	2	1	1	1	1184							
85	85	512	512	4.0	1	1	Chord	8/4	2	2	1	1	1	1185							
86	86	517	517	1.0	1/4	1/4	Chord	3/4	1	1	1/4	1/4	1	1186							
86	86	518	518	1.0	1/2	1/2	Chord	3/4	1	1	1/4	1/4	1	1187							
86	86	516	516	2.0	0	0	Chord	3/4	2	1	1/2	1/2	1	1188							
86	86	518	518	1.0	1/2	1/2	Chord	3/4	2	1	1/4	1/4	1	1189							
86	86	516	516	3.0	0	0	Chord	3/4	2	2	3/4	1/2	3/2	1190							
87	87	519	519	2.0	0	0	Chord	3/4	1	1	1/2	1/2	1	1191							
87	87	521	521	1.0	1/2	1/2	Chord	3/4	1	1	1/4	1/4	1	1192							
87	87	519	519	2.0	0	0	Chord	3/4	2	1	1/2	1/2	1	1193							
87	87	521	521	1.0	1/2	1/2	Chord	3/4	2	1	1/4	1/4	1	1194							
87	87	519	519	1.5	0	0	Chord	3/4	2	2	3/8	1/4	3/2	1195							
87	87	1041/2	1041/2	0.5	3/8	3/8	Chord	3/4	2	2	1/8	1/8	1	1196							
87	87	521	521	1.0	1/2	1/2	Chord	3/4	2	2	1/4	1/4	1	1197							
88	88	522	522	1.5	0	0	Chord	3/4	1	1	3/8	1/4	3/2	1198							
88	88	1047/2	1047/2	0.5	3/8	3/8	Chord	3/4	1	1	1/8	1/8	1	1199							
88	88	524	524	1.0	1/2	1/2	Chord	3/4	1	1	1/4	1/4	1	1200							
88	88	522	522	2.0	0	0	Chord	3/4	2	1	1/2	1/2	1	1201							
88	88	524	524	1.0	1/2	1/2	Chord	3/4	2	1	1/4	1/4	1	1202							
88	88	522	522	3.0	0	0	Chord	3/4	2	2	3/4	1/2	3/2	1203							
89	89	525	525	2.0	0	0	Chord	3/4	1	1	1/2	1/2	1	1204							
89	89	527	527	1.0	1/2	1/2	Chord	3/4	1	1	1/4	1/4	1	1205							
89	89	525	525	1.0	0	0	Chord	3/4	2	1	1/4	1/4	1	1206							
89	89	526	526	2.0	1/4	1/4	Chord	3/4	2	1	1/2	1/2	1	1207							
89	89	525	525	2.0	0	0	Chord	3/4	2	2	1/2	1/2	1	1208							
89	89	527	527	1.0	1/2	1/2	Chord	3/4	2	2	1/4	1/4	1	1209							
90	90	528	528	3.0	0	0	Chord	3/4	1	1	3/4	1/2	3/2	1210							
90	90	528	528	1.0	0	0	Chord	3/4	2	1	1/4	1/4	1	1211							
90	90	529	529	1.0	1/4	1/4	Chord	3/4	2	1	1/4	1/4	1	1212							
90	90	530	530	1.0	1/2	1/2	Chord	3/4	2	1	1/4	1/4	1	1213							
90	90	528	528	3.0	0	0	Chord	3/4	2	2	3/4	1/2	3/2	1214							
91	91	531	531	3.0	0	0	Chord	3/4	1	1	3/4	1/2	3/2	1215							
91	91	532	532	1.0	1/4	1/4	Chord	3/4	1	2	1/4	1/4	1	1216							
91	91	533	533	1.0	1/2	1/2	Chord	3/4	1	2	1/4	1/4	1	1217							
91	91	531	531	3.0	0	0	Chord	3/4	2	1	3/4	1/2	3/2	1218							
91	91	531	531	3.0	0	0	Chord	3/4	2	2	3/4	1/2	3/2	1219							
92	92	534	534	3.0	0	0	Chord	3/4	1	1	3/4	1/2	3/2	1220							
92	92	534	534	1.0	0	0	Chord	3/4	1	2	1/4	1/4	1	1221							
92	92	535	535	1.0	1/4	1/4	Chord	3/4	1	2	1/4	1/4	1	1222							
92	92	536	536	1.0	1/2	1/2	Chord	3/4	1	2	1/4	1/4	1	1223							
92	92	534	534	3.0	0	0	Chord	3/4	2	1	3/4	1/2	3/2	1224							
93	93	537	537	3.0	0	0	Chord	3/4	1	1	3/4	1/2	3/2	1225							
93	93	537	537	3.0	0	0	Chord	3/4	1	2	3/4	1/2	3/2	1226							
93	93	538	538	1.0	1/4	1/4	Chord	3/4	2	1	1/4	1/4	1	1227							
93	93	539	539	1.0	1/2	1/2	Chord	3/4	2	1	1/4	1/4	1	1228							
94	94	540	540	6.0	0	0	Chord	6/4	1	1	3/2	1	3/2	1229							
94	94	540	540	3.0	0	0	Chord	6/4	1	2	3/4	1/2	3/2	1230							
94	94	544	544	1.0	1	1	Chord	6/4	1	2	1/4	1/4	1	1231							
94	94	545	545	1.0	5/4	5/4	Chord	6/4	1	2	1/4	1/4	1	1232							
94	94	540	540	3.0	0	0	Chord	6/4	2	1	3/4	1/2	3/2	1233							
94	94	541	541	1.0	1/4	1/4	Chord	6/4	2	2	1/4	1/4	1	1234							
94	94	542	542	1.0	1/2	1/2	Chord	6/4	2	2	1/4	1/4	1	1235							
94	94	543	543	1.0	3/4	3/4	Chord	6/4	2	2	1/4	1/4	1	1236							
94	94	544	544	1.0	1	1	Chord	6/4	2	2	1/4	1/4	1	1237							
94	94	545	545	1.0	5/4	5/4	Chord	6/4	2	2	1/4	1/4	1	1238							
95	95	550	550	1.0	1	1	Chord	6/4	1	1	1/4	1/4	1	1239							
95	95	551	551	1.0	5/4	5/4	Chord	6/4	1	1	1/4	1/4	1	1240							
95	95	546	546	1.0	0	0	Chord	6/4	1	2	1/4	1/4	1	1241							
95	95	547	547	1.0	1/4	1/4	Chord	6/4	1	2	1/4	1/4	1	1242							
95	95	548	548	1.0	1/2	1/2	Chord	6/4	1	2	1/4	1/4	1	1243							
95	95	549	549	1.0	3/4	3/4	Chord	6/4	1	2	1/4	1/4	1	1244							
95	95	550	550	2.0	1	1	Chord	6/4	1	2	1/2	1/2	1	1245							
95	95	550	550	1.0	1	1	Chord	6/4	2	1	1/4	1/4	1	1246							
95	95	551	551	1.0	5/4	5/4	Chord	6/4	2	1	1/4	1/4	1	1247							
95	95	546	546	3.0	0	0	Chord	6/4	2	2	3/4	1/2	3/2	1248							
95	95	549	549	3.0	3/4	3/4	Chord	6/4	2	2	3/4	1/2	3/2	1249							
96	96	552	552	1.0	0	0	Chord	6/4	1	1	1/4	1/4	1	1250							
96	96	553	553	1.0	1/4	1/4	Chord	6/4	1	1	1/4	1/4	1	1251							
96	96	554	554	1.0	1/2	1/2	Chord	6/4	1	1	1/4	1/4	1	1252							
96	96	555	555	3.0	3/4	3/4	Chord	6/4	1	1	3/4	1/2	3/2	1253							
96	96	556	556	1.0	1	1	Chord	6/4	1	2	1/4	1/4	1	1254							
96	96	557	557	1.0	5/4	5/4	Chord	6/4	1	2	1/4	1/4	1	1255							
96	96	552	552	1.0	0	0	Chord	6/4	2	1	1/4	1/4	1	1256							
96	96	553	553	1.0	1/4	1/4	Chord	6/4	2	1	1/4	1/4	1	1257							
96	96	554	554	1.0	1/2	1/2	Chord	6/4	2	1	1/4	1/4	1	1258							
96	96	555	555	1.0	3/4	3/4	Chord	6/4	2	1	1/4	1/4	1	1259							
96	96	556	556	2.0	1	1	Chord	6/4	2	1	1/2	1/2	1	1260							
96	96	552	552	3.0	0	0	Chord	6/4	2	2	3/4	1/2	3/2	1261							
96	96	555	555	2.0	3/4	3/4	Chord	6/4	2	2	1/2	1/2	1	1262							
96	96	557	557	1.0	5/4	5/4	Chord	6/4	2	2	1/4	1/4	1	1263							
97	97	562	562	1.0	1	1	Chord	6/4	1	1	1/4	1/4	1	1264							
97	97	563	563	1.0	5/4	5/4	Chord	6/4	1	1	1/4	1/4	1	1265							
97	97	558	558	2.0	0	0	Chord	6/4	1	2	1/2	1/2	1	1266							
97	97	560	560	1.0	1/2	1/2	Chord	6/4	1	2	1/4	1/4	1	1267							
97	97	561	561	3.0	3/4	3/4	Chord	6/4	1	2	3/4	1/2	3/2	1268							
97	97	558	558	2.0	0	0	Chord	6/4	2	1	1/2	1/2	1	1269							
97	97	560	560	1.0	1/2	1/2	Chord	6/4	2	1	1/4	1/4	1	1270							
97	97	561	561	3.0	3/4	3/4	Chord	6/4	2	1	3/4	1/2	3/2	1271							
97	97	558	558	1.5	0	0	Chord	6/4	2	2	3/8	1/4	3/2	1272							
97	97	1119/2	1119/2	0.5	3/8	3/8	Chord	6/4	2	2	1/8	1/8	1	1273							
97	97	560	560	1.0	1/2	1/2	Chord	6/4	2	2	1/4	1/4	1	1274							
97	97	561	561	2.0	3/4	3/4	Chord	6/4	2	2	1/2	1/2	1	1275							
97	97	563	563	1.0	5/4	5/4	Chord	6/4	2	2	1/4	1/4	1	1276							
98	98	564	564	2.0	0	0	Chord	6/4	1	1	1/2	1/2	1	1277							
98	98	566	566	1.0	1/2	1/2	Chord	6/4	1	1	1/4	1/4	1	1278							
98	98	567	567	2.0	3/4	3/4	Chord	6/4	1	1	1/2	1/2	1	1279							
98	98	569	569	1.0	5/4	5/4	Chord	6/4	1	1	1/4	1/4	1	1280							
98	98	564	564	3.0	0	0	Chord	6/4	1	2	3/4	1/2	3/2	1281							
98	98	567	567	2.0	3/4	3/4	Chord	6/4	1	2	1/2	1/2	1	1282							
98	98	569	569	1.0	5/4	5/4	Chord	6/4	1	2	1/4	1/4	1	1283							
98	98	568	568	1.0	1	1	Chord	6/4	2	1	1/4	1/4	1	1284							
98	98	569	569	1.0	5/4	5/4	Chord	6/4	2	1	1/4	1/4	1	1285							
98	98	564	564	1.0	0	0	Chord	6/4	2	2	1/4	1/4	1	1286							
98	98	565	565	2.0	1/4	1/4	Chord	6/4	2	2	1/2	1/2	1	1287							
98	98	567	567	3.0	3/4	3/4	Chord	6/4	2	2	3/4	1/2	3/2	1288							
99	99	570	570	3.0	0	0	Chord	6/4	1	1	3/4	1/2	3/2	1289							
99	99	573	573	2.0	3/4	3/4	Chord	6/4	1	1	1/2	1/2	1	1290							
99	99	575	575	1.0	5/4	5/4	Chord	6/4	1	1	1/4	1/4	1	1291							
99	99	570	570	1.0	0	0	Chord	6/4	1	2	1/4	1/4	1	1292							
99	99	571	571	3.0	1/4	1/4	Chord	6/4	1	2	3/4	1/2	3/2	1293							
99	99	574	574	1.0	1	1	Chord	6/4	1	2	1/4	1/4	1	1294							
99	99	575	575	1.0	5/4	5/4	Chord	6/4	1	2	1/4	1/4	1	1295							
99	99	570	570	2.0	0	0	Chord	6/4	2	1	1/2	1/2	1	1296							
99	99	572	572	1.0	1/2	1/2	Chord	6/4	2	1	1/4	1/4	1	1297							
99	99	573	573	2.0	3/4	3/4	Chord	6/4	2	1	1/2	1/2	1	1298							
99	99	575	575	1.0	5/4	5/4	Chord	6/4	2	1	1/4	1/4	1	1299							
99	99	570	570	6.0	0	0	Chord	6/4	2	2	3/2	1	3/2	1300							
100	100	576	576	2.0	0	0	Chord	6/4	1	1	1/2	1/2	1	1301							
100	100	578	578	1.0	1/2	1/2	Chord	6/4	1	1	1/4	1/4	1	1302							
100	100	579	579	2.0	3/4	3/4	Chord	6/4	1	1	1/2	1/2	1	1303							
100	100	581	581	1.0	5/4	5/4	Chord	6/4	1	1	1/4	1/4	1	1304							
100	100	576	576	1.0	0	0	Chord	6/4	1	2	1/4	1/4	1	1305							
100	100	577	577	1.0	1/4	1/4	Chord	6/4	1	2	1/4	1/4	1	1306							
100	100	578	578	2.0	1/2	1/2	Chord	6/4	1	2	1/2	1/2	1	1307							
100	100	580	580	1.0	1	1	Chord	6/4	1	2	1/4	1/4	1	1308							
100	100	576	576	1.0	0	0	Chord	6/4	2	1	1/4	1/4	1	1309							
100	100	577	577	1.0	1/4	1/4	Chord	6/4	2	1	1/4	1/4	1	1310							
100	100	578	578	1.0	1/2	1/2	Chord	6/4	2	1	1/4	1/4	1	1311							
100	100	579	579	2.0	3/4	3/4	Chord	6/4	2	1	1/2	1/2	1	1312							
100	100	581	581	1.0	5/4	5/4	Chord	6/4	2	1	1/4	1/4	1	1313							
100	100	576	576	6.0	0	0	Chord	6/4	2	2	3/2	1	3/2	1314							
101	101	582	582	1.0	0	0	Chord	6/4	1	1	1/4	1/4	1	1315							
101	101	583	583	4.0	1/4	1/4	Chord	6/4	1	1	1	1	1	1316							
101	101	587	587	1.0	5/4	5/4	Chord	6/4	1	1	1/4	1/4	1	1317							
101	101	582	582	3.0	0	0	Chord	6/4	1	2	3/4	1/2	3/2	1318							
101	101	585	585	3.0	3/4	3/4	Chord	6/4	1	2	3/4	1/2	3/2	1319							
101	101	582	582	3.0	0	0	Chord	6/4	2	1	3/4	1/2	3/2	1320							
101	101	585	585	3.0	3/4	3/4	Chord	6/4	2	1	3/4	1/2	3/2	1321							
101	101	582	582	6.0	0	0	Chord	6/4	2	2	3/2	1	3/2	1322							
102	102	588	588	6.0	0	0	Chord	6/4	1	1	3/2	1	3/2	1323							
102	102	588	588	6.0	0	0	Chord	6/4	1	2	3/2	1	3/2	1324							
102	102	588	588	6.0	0	0	Chord	6/4	2	1	3/2	1	3/2	1325							
102	102	588	588	6.0	0	0	Chord	6/4	2	2	3/2	1	3/2	1326							
