mc	mn	quarterbeats	quarterbeats_all_endings	duration_qb	mc_onset	mn_onset	event	timesig	staff	voice	duration	nominal_duration	scalar	chord_id	articulation	tempo	qpm	metronome_base	metronome_number	tempo_visible
1	1	0	0	0.0	0	0	Tempo	4/2	1	1	0					ùÖû=40	80.0	ùÖû	40.0	0.0
1	1	0	0	2.0	0	0	Chord	4/2	1	1	1/2	1/2	1	0						
1	1	2	2	4.0	1/2	1/2	Chord	4/2	1	1	1	1	1	1						
1	1	6	6	2.0	3/2	3/2	Chord	4/2	1	1	1/2	1/2	1	2						
1	1	0	0	4.0	0	0	Chord	4/2	1	2	1	1	1	3						
1	1	4	4	1.0	1	1	Chord	4/2	1	2	1/4	1/4	1	4						
1	1	5	5	2.0	5/4	5/4	Chord	4/2	1	2	1/2	1/2	1	5						
1	1	7	7	1.0	7/4	7/4	Chord	4/2	1	2	1/4	1/4	1	6						
1	1	0	0	3.0	0	0	Chord	4/2	2	1	3/4	1/2	3/2	7						
1	1	3	3	1.0	3/4	3/4	Chord	4/2	2	1	1/4	1/4	1	8						
1	1	4	4	2.0	1	1	Chord	4/2	2	1	1/2	1/2	1	9						
1	1	6	6	2.0	3/2	3/2	Chord	4/2	2	1	1/2	1/2	1	10						
1	1	0	0	8.0	0	0	Chord	4/2	2	2	2	2	1	11						
2	2	8	8	2.0	0	0	Chord	4/2	1	1	1/2	1/2	1	12						
2	2	10	10	3.0	1/2	1/2	Chord	4/2	1	1	3/4	1/2	3/2	13						
2	2	13	13	1.0	5/4	5/4	Chord	4/2	1	1	1/4	1/4	1	14						
2	2	14	14	2.0	3/2	3/2	Chord	4/2	1	1	1/2	1/2	1	15						
2	2	8	8	6.0	0	0	Chord	4/2	1	2	3/2	1	3/2	16						
2	2	14	14	2.0	3/2	3/2	Chord	4/2	1	2	1/2	1/2	1	17						
2	2	8	8	4.0	0	0	Chord	4/2	2	1	1	1	1	18						
2	2	12	12	3.0	1	1	Chord	4/2	2	1	3/4	1/2	3/2	19						
2	2	15	15	0.5	7/4	7/4	Chord	4/2	2	1	1/8	1/8	1	20						
2	2	31/2	31/2	0.5	15/8	15/8	Chord	4/2	2	1	1/8	1/8	1	21						
2	2	8	8	2.0	0	0	Chord	4/2	2	2	1/2	1/2	1	22						
2	2	10	10	4.0	1/2	1/2	Chord	4/2	2	2	1	1	1	23						
2	2	14	14	2.0	3/2	3/2	Chord	4/2	2	2	1/2	1/2	1	24						
3	3	16	16	4.0	0	0	Chord	4/2	1	1	1	1	1	25						
3	3	20	20	4.0	1	1	Chord	4/2	1	1	1	1	1	26						
3	3	16	16	2.0	0	0	Chord	4/2	1	2	1/2	1/2	1	27						
3	3	18	18	4.0	1/2	1/2	Chord	4/2	1	2	1	1	1	28						
3	3	22	22	2.0	3/2	3/2	Chord	4/2	1	2	1/2	1/2	1	29						
3	3	16	16	2.0	0	0	Chord	4/2	2	1	1/2	1/2	1	30						
3	3	18	18	2.0	1/2	1/2	Chord	4/2	2	1	1/2	1/2	1	31						
3	3	20	20	2.0	1	1	Chord	4/2	2	1	1/2	1/2	1	32						
3	3	22	22	1.0	3/2	3/2	Chord	4/2	2	1	1/4	1/4	1	33						
3	3	23	23	1.0	7/4	7/4	Chord	4/2	2	1	1/4	1/4	1	34						
3	3	16	16	2.0	0	0	Chord	4/2	2	2	1/2	1/2	1	35						
3	3	18	18	4.0	1/2	1/2	Chord	4/2	2	2	1	1	1	36						
3	3	22	22	2.0	3/2	3/2	Chord	4/2	2	2	1/2	1/2	1	37						
4	4	24	24	2.0	0	0	Chord	4/2	1	1	1/2	1/2	1	38						
4	4	26	26	2.0	1/2	1/2	Chord	4/2	1	1	1/2	1/2	1	39						
4	4	28	28	4.0	1	1	Chord	4/2	1	1	1	1	1	40						
4	4	24	24	1.0	0	0	Chord	4/2	1	2	1/4	1/4	1	41						
4	4	25	25	2.0	1/4	1/4	Chord	4/2	1	2	1/2	1/2	1	42						
4	4	27	27	2.0	3/4	3/4	Chord	4/2	1	2	1/2	1/2	1	43						
4	4	29	29	0.5	5/4	5/4	Chord	4/2	1	2	1/8	1/8	1	44						
4	4	59/2	59/2	0.5	11/8	11/8	Chord	4/2	1	2	1/8	1/8	1	45						
4	4	30	30	2.0	3/2	3/2	Chord	4/2	1	2	1/2	1/2	1	46						
4	4	24	24	6.0	0	0	Chord	4/2	2	1	3/2	1	3/2	47						
4	4	30	30	2.0	3/2	3/2	Chord	4/2	2	1	1/2	1/2	1	48						
4	4	24	24	4.0	0	0	Chord	4/2	2	2	1	1	1	49						
4	4	28	28	3.0	1	1	Chord	4/2	2	2	3/4	1/2	3/2	50						
4	4	31	31	1.0	7/4	7/4	Chord	4/2	2	2	1/4	1/4	1	51						
5	5	32	32	4.0	0	0	Chord	4/2	1	1	1	1	1	52						
5	5	36	36	1.0	1	1	Chord	4/2	1	1	1/4	1/4	1	53						
5	5	37	37	0.5	5/4	5/4	Chord	4/2	1	1	1/8	1/8	1	54						
5	5	75/2	75/2	0.5	11/8	11/8	Chord	4/2	1	1	1/8	1/8	1	55						
5	5	38	38	2.0	3/2	3/2	Chord	4/2	1	1	1/2	1/2	1	56						
5	5	32	32	2.0	0	0	Chord	4/2	1	2	1/2	1/2	1	57						
5	5	34	34	2.0	1/2	1/2	Chord	4/2	1	2	1/2	1/2	1	58						
5	5	36	36	1.0	1	1	Chord	4/2	1	2	1/4	1/4	1	59						
5	5	37	37	2.0	5/4	5/4	Chord	4/2	1	2	1/2	1/2	1	60						
5	5	39	39	1.0	7/4	7/4	Chord	4/2	1	2	1/4	1/4	1	61						
5	5	32	32	2.0	0	0	Chord	4/2	2	1	1/2	1/2	1	62						
5	5	34	34	3.0	1/2	1/2	Chord	4/2	2	1	3/4	1/2	3/2	63						
5	5	37	37	1.0	5/4	5/4	Chord	4/2	2	1	1/4	1/4	1	64						
5	5	38	38	1.0	3/2	3/2	Chord	4/2	2	1	1/4	1/4	1	65						
5	5	39	39	1.0	7/4	7/4	Chord	4/2	2	1	1/4	1/4	1	66						
5	5	32	32	4.0	0	0	Chord	4/2	2	2	1	1	1	67						
5	5	36	36	4.0	1	1	Chord	4/2	2	2	1	1	1	68						
6	6	40	40	2.0	0	0	Chord	4/2	1	1	1/2	1/2	1	69						
6	6	43	43	1.0	3/4	3/4	Chord	4/2	1	1	1/4	1/4	1	70						
6	6	44	44	0.25	1	1	Chord	4/2	1	1	1/16	1/16	1	71						
6	6	177/4	177/4	0.25	17/16	17/16	Chord	4/2	1	1	1/16	1/16	1	72						
6	6	89/2	89/2	0.25	9/8	9/8	Chord	4/2	1	1	1/16	1/16	1	73						
6	6	179/4	179/4	0.25	19/16	19/16	Chord	4/2	1	1	1/16	1/16	1	74						
6	6	45	45	0.25	5/4	5/4	Chord	4/2	1	1	1/16	1/16	1	75						
6	6	181/4	181/4	0.75	21/16	21/16	Chord	4/2	1	1	3/16	1/8	3/2	76						
6	6	46	46	1.0	3/2	3/2	Chord	4/2	1	1	1/4	1/4	1	77						
6	6	47	47	1.0	7/4	7/4	Chord	4/2	1	1	1/4	1/4	1	78						
6	6	40	40	4.0	0	0	Chord	4/2	1	2	1	1	1	79						
6	6	44	44	2.0	1	1	Chord	4/2	1	2	1/2	1/2	1	80						
6	6	46	46	1.0	3/2	3/2	Chord	4/2	1	2	1/4	1/4	1	81						
6	6	47	47	0.75	7/4	7/4	Chord	4/2	1	2	3/16	1/8	3/2	82	ornamentTrill					
6	6	191/4	191/4	0.25	31/16	31/16	Chord	4/2	1	2	1/16	1/16	1	83						
6	6	40	40	4.0	0	0	Chord	4/2	2	1	1	1	1	84						
6	6	40	40	4.0	0	0	Chord	4/2	2	2	1	1	1	85						
7	7	48	48	3.0	0	0	Chord	2/2	1	1	3/4	1/2	3/2	86						
7	7	51	51	1.0	3/4	3/4	Chord	2/2	1	1	1/4	1/4	1	87						
7	7	48	48	0.5	0	0	Chord	2/2	1	2	1/8	1/8	1	88						
7	7	97/2	97/2	0.5	1/8	1/8	Chord	2/2	1	2	1/8	1/8	1	89						
7	7	49	49	1.0	1/4	1/4	Chord	2/2	1	2	1/4	1/4	1	90						
7	7	50	50	0.25	1/2	1/2	Chord	2/2	1	2	1/16	1/16	1	91						
7	7	201/4	201/4	0.25	9/16	9/16	Chord	2/2	1	2	1/16	1/16	1	92						
7	7	101/2	101/2	0.25	5/8	5/8	Chord	2/2	1	2	1/16	1/16	1	93						
7	7	203/4	203/4	0.25	11/16	11/16	Chord	2/2	1	2	1/16	1/16	1	94						
7	7	51	51	0.25	3/4	3/4	Chord	2/2	1	2	1/16	1/16	1	95						
7	7	205/4	205/4	0.75	13/16	13/16	Chord	2/2	1	2	3/16	1/8	3/2	96						
7	7	50	50	2.0	1/2	1/2	Chord	2/2	2	1	1/2	1/2	1	97						
8	8	52	52	1.0	0	0	Chord	2/2	1	1	1/4	1/4	1	98						
8	8	53	53	0.5	1/4	1/4	Chord	2/2	1	1	1/8	1/8	1	99						
8	8	107/2	107/2	0.5	3/8	3/8	Chord	2/2	1	1	1/8	1/8	1	100						
8	8	54	54	1.0	1/2	1/2	Chord	2/2	1	1	1/4	1/4	1	101						
8	8	55	55	1.0	3/4	3/4	Chord	2/2	1	1	1/4	1/4	1	102						
8	8	52	52	2.0	0	0	Chord	2/2	1	2	1/2	1/2	1	103						
8	8	54	54	0.5	1/2	1/2	Chord	2/2	1	2	1/8	1/8	1	104						
8	8	109/2	109/2	0.25	5/8	5/8	Chord	2/2	1	2	1/16	1/16	1	105						
8	8	219/4	219/4	0.25	11/16	11/16	Chord	2/2	1	2	1/16	1/16	1	106						
8	8	55	55	0.75	3/4	3/4	Chord	2/2	1	2	3/16	1/8	3/2	107	ornamentTrill					
8	8	223/4	223/4	0.25	15/16	15/16	Chord	2/2	1	2	1/16	1/16	1	108						
8	8	52	52	2.0	0	0	Chord	2/2	2	1	1/2	1/2	1	109						
8	8	54	54	2.0	1/2	1/2	Chord	2/2	2	1	1/2	1/2	1	110						
9	9	56	56	4.0	0	0	Chord	2/2	1	1	1	1	1	111						
9	9	56	56	3.0	0	0	Chord	2/2	1	2	3/4	1/2	3/2	112						
9	9	59	59	1.0	3/4	3/4	Chord	2/2	1	2	1/4	1/4	1	113						
9	9	56	56	1.5	0	0	Chord	2/2	2	1	3/8	1/4	3/2	114						
9	9	115/2	115/2	0.5	3/8	3/8	Chord	2/2	2	1	1/8	1/8	1	115						
9	9	58	58	1.5	1/2	1/2	Chord	2/2	2	1	3/8	1/4	3/2	116						
9	9	119/2	119/2	0.25	7/8	7/8	Chord	2/2	2	1	1/16	1/16	1	117						
9	9	239/4	239/4	0.25	15/16	15/16	Chord	2/2	2	1	1/16	1/16	1	118						
10	10	60	60	2.0	0	0	Chord	2/2	1	1	1/2	1/2	1	119						
10	10	62	62	1.0	1/2	1/2	Chord	2/2	1	1	1/4	1/4	1	120						
10	10	63	63	1.0	3/4	3/4	Chord	2/2	1	1	1/4	1/4	1	121						
10	10	60	60	2.0	0	0	Chord	2/2	1	2	1/2	1/2	1	122						
10	10	62	62	0.25	1/2	1/2	Chord	2/2	1	2	1/16	1/16	1	123						
10	10	249/4	249/4	0.25	9/16	9/16	Chord	2/2	1	2	1/16	1/16	1	124						
10	10	125/2	125/2	0.25	5/8	5/8	Chord	2/2	1	2	1/16	1/16	1	125						
10	10	251/4	251/4	0.25	11/16	11/16	Chord	2/2	1	2	1/16	1/16	1	126						
10	10	63	63	0.25	3/4	3/4	Chord	2/2	1	2	1/16	1/16	1	127						
10	10	253/4	253/4	0.75	13/16	13/16	Chord	2/2	1	2	3/16	1/8	3/2	128						
10	10	60	60	1.5	0	0	Chord	2/2	2	1	3/8	1/4	3/2	129						
10	10	123/2	123/2	0.5	3/8	3/8	Chord	2/2	2	1	1/8	1/8	1	130						
10	10	62	62	2.0	1/2	1/2	Chord	2/2	2	1	1/2	1/2	1	131						
10	10	62	62	2.0	1/2	1/2	Chord	2/2	2	2	1/2	1/2	1	132						
11	11	64	64	1.0	0	0	Chord	2/2	1	1	1/4	1/4	1	133						
11	11	65	65	0.5	1/4	1/4	Chord	2/2	1	1	1/8	1/8	1	134						
11	11	131/2	131/2	0.5	3/8	3/8	Chord	2/2	1	1	1/8	1/8	1	135						
11	11	66	66	0.5	1/2	1/2	Chord	2/2	1	1	1/8	1/8	1	136						
11	11	133/2	133/2	0.5	5/8	5/8	Chord	2/2	1	1	1/8	1/8	1	137						
11	11	67	67	0.75	3/4	3/4	Chord	2/2	1	1	3/16	1/8	3/2	138	ornamentTrill					
11	11	271/4	271/4	0.25	15/16	15/16	Chord	2/2	1	1	1/16	1/16	1	139						
11	11	64	64	3.0	0	0	Chord	2/2	1	2	3/4	1/2	3/2	140						
11	11	67	67	1.0	3/4	3/4	Chord	2/2	1	2	1/4	1/4	1	141						
11	11	64	64	2.0	0	0	Chord	2/2	2	2	1/2	1/2	1	142						
11	11	66	66	2.0	1/2	1/2	Chord	2/2	2	2	1/2	1/2	1	143						
12	12	68	68	3.0	0	0	Chord	2/2	1	1	3/4	1/2	3/2	144						
12	12	71	71	1.0	3/4	3/4	Chord	2/2	1	1	1/4	1/4	1	145						
12	12	68	68	1.0	0	0	Chord	2/2	1	2	1/4	1/4	1	146						
12	12	69	69	0.75	1/4	1/4	Chord	2/2	1	2	3/16	1/8	3/2	147	ornamentTrill					
12	12	279/4	279/4	0.25	7/16	7/16	Chord	2/2	1	2	1/16	1/16	1	148						
12	12	70	70	2.0	1/2	1/2	Chord	2/2	1	2	1/2	1/2	1	149						
12	12	68	68	2.0	0	0	Chord	2/2	2	2	1/2	1/2	1	150						
12	12	70	70	1.0	1/2	1/2	Chord	2/2	2	2	1/4	1/4	1	151						
12	12	71	71	0.25	3/4	3/4	Chord	2/2	2	2	1/16	1/16	1	152						
12	12	285/4	285/4	0.25	13/16	13/16	Chord	2/2	2	2	1/16	1/16	1	153						
12	12	143/2	143/2	0.25	7/8	7/8	Chord	2/2	2	2	1/16	1/16	1	154						
12	12	287/4	287/4	0.25	15/16	15/16	Chord	2/2	2	2	1/16	1/16	1	155						
13	13	72	72	0.25	0	0	Chord	2/2	1	1	1/16	1/16	1	156						
13	13	289/4	289/4	0.25	1/16	1/16	Chord	2/2	1	1	1/16	1/16	1	157						
13	13	145/2	145/2	0.25	1/8	1/8	Chord	2/2	1	1	1/16	1/16	1	158						
13	13	291/4	291/4	0.25	3/16	3/16	Chord	2/2	1	1	1/16	1/16	1	159						
13	13	73	73	0.25	1/4	1/4	Chord	2/2	1	1	1/16	1/16	1	160						
13	13	293/4	293/4	0.75	5/16	5/16	Chord	2/2	1	1	3/16	1/8	3/2	161						
13	13	74	74	2.0	1/2	1/2	Chord	2/2	1	1	1/2	1/2	1	162						
13	13	72	72	3.0	0	0	Chord	2/2	1	2	3/4	1/2	3/2	163						
13	13	75	75	0.5	3/4	3/4	Chord	2/2	1	2	1/8	1/8	1	164						
13	13	151/2	151/2	0.5	7/8	7/8	Chord	2/2	1	2	1/8	1/8	1	165						
13	13	72	72	1.0	0	0	Chord	2/2	2	2	1/4	1/4	1	166						
13	13	73	73	1.0	1/4	1/4	Chord	2/2	2	2	1/4	1/4	1	167						
13	13	74	74	2.0	1/2	1/2	Chord	2/2	2	2	1/2	1/2	1	168						
14	14	76	76	1.0	0	0	Chord	2/2	1	1	1/4	1/4	1	169						
14	14	77	77	1.0	1/4	1/4	Chord	2/2	1	1	1/4	1/4	1	170						
14	14	78	78	0.25	1/2	1/2	Chord	2/2	1	1	1/16	1/16	1	171						
14	14	313/4	313/4	0.25	9/16	9/16	Chord	2/2	1	1	1/16	1/16	1	172						
14	14	157/2	157/2	0.25	5/8	5/8	Chord	2/2	1	1	1/16	1/16	1	173						
14	14	315/4	315/4	0.25	11/16	11/16	Chord	2/2	1	1	1/16	1/16	1	174						
14	14	79	79	0.25	3/4	3/4	Chord	2/2	1	1	1/16	1/16	1	175						
14	14	317/4	317/4	0.75	13/16	13/16	Chord	2/2	1	1	3/16	1/8	3/2	176						
14	14	76	76	2.0	0	0	Chord	2/2	1	2	1/2	1/2	1	177						
14	14	78	78	2.0	1/2	1/2	Chord	2/2	1	2	1/2	1/2	1	178						
14	14	79	79	1.0	3/4	3/4	Chord	2/2	2	1	1/4	1/4	1	179						
14	14	76	76	2.0	0	0	Chord	2/2	2	2	1/2	1/2	1	180						
14	14	78	78	2.0	1/2	1/2	Chord	2/2	2	2	1/2	1/2	1	181						
15	15	80	80	2.0	0	0	Chord	2/2	1	1	1/2	1/2	1	182						
15	15	82	82	0.5	1/2	1/2	Chord	2/2	1	1	1/8	1/8	1	183						
15	15	165/2	165/2	0.5	5/8	5/8	Chord	2/2	1	1	1/8	1/8	1	184						
15	15	83	83	1.0	3/4	3/4	Chord	2/2	1	1	1/4	1/4	1	185						
15	15	81	81	2.0	1/4	1/4	Chord	2/2	1	2	1/2	1/2	1	186						
15	15	83	83	1.0	3/4	3/4	Chord	2/2	1	2	1/4	1/4	1	187						
15	15	80	80	0.25	0	0	Chord	2/2	2	1	1/16	1/16	1	188						
15	15	321/4	321/4	0.25	1/16	1/16	Chord	2/2	2	1	1/16	1/16	1	189						
15	15	161/2	161/2	0.25	1/8	1/8	Chord	2/2	2	1	1/16	1/16	1	190						
15	15	323/4	323/4	0.25	3/16	3/16	Chord	2/2	2	1	1/16	1/16	1	191						
15	15	81	81	0.25	1/4	1/4	Chord	2/2	2	1	1/16	1/16	1	192						
15	15	325/4	325/4	0.75	5/16	5/16	Chord	2/2	2	1	3/16	1/8	3/2	193						
15	15	82	82	1.0	1/2	1/2	Chord	2/2	2	1	1/4	1/4	1	194						
15	15	83	83	0.5	3/4	3/4	Chord	2/2	2	1	1/8	1/8	1	195						
15	15	167/2	167/2	0.5	7/8	7/8	Chord	2/2	2	1	1/8	1/8	1	196						
15	15	80	80	4.0	0	0	Chord	2/2	2	2	1	1	1	197						
16	16	84	84	1.0	0	0	Chord	4/2	1	1	1/4	1/4	1	198						
16	16	85	85	0.5	1/4	1/4	Chord	4/2	1	1	1/8	1/8	1	199						
16	16	171/2	171/2	0.5	3/8	3/8	Chord	4/2	1	1	1/8	1/8	1	200						
16	16	86	86	2.0	1/2	1/2	Chord	4/2	1	1	1/2	1/2	1	201						
16	16	88	88	4.0	1	1	Chord	4/2	1	1	1	1	1	202						
16	16	84	84	4.0	0	0	Chord	4/2	1	2	1	1	1	203						
16	16	88	88	2.0	1	1	Chord	4/2	1	2	1/2	1/2	1	204						
16	16	90	90	2.0	3/2	3/2	Chord	4/2	1	2	1/2	1/2	1	205						
16	16	84	84	4.0	0	0	Chord	4/2	2	1	1	1	1	206						
16	16	88	88	4.0	1	1	Chord	4/2	2	1	1	1	1	207						
16	16	84	84	4.0	0	0	Chord	4/2	2	2	1	1	1	208						
16	16	88	88	2.0	1	1	Chord	4/2	2	2	1/2	1/2	1	209						
16	16	90	90	2.0	3/2	3/2	Chord	4/2	2	2	1/2	1/2	1	210						
17	17	93	93	1.5	1/4	1/4	Chord	4/4	1	1	3/8	1/4	3/2	211						
17	17	189/2	189/2	0.25	5/8	5/8	Chord	4/4	1	1	1/16	1/16	1	212						
17	17	379/4	379/4	0.25	11/16	11/16	Chord	4/4	1	1	1/16	1/16	1	213						
17	17	95	95	0.75	3/4	3/4	Chord	4/4	1	1	3/16	1/8	3/2	214	ornamentTrill					
17	17	383/4	383/4	0.25	15/16	15/16	Chord	4/4	1	1	1/16	1/16	1	215						
17	17	92	92	2.0	0	0	Chord	4/4	1	2	1/2	1/2	1	216						
17	17	94	94	2.0	1/2	1/2	Chord	4/4	1	2	1/2	1/2	1	217						
17	17	92	92	4.0	0	0	Chord	4/4	2	1	1	1	1	218						
17	17	92	92	2.0	0	0	Chord	4/4	2	2	1/2	1/2	1	219						
17	17	94	94	2.0	1/2	1/2	Chord	4/4	2	2	1/2	1/2	1	220						
18	18	96	96	0.25	0	0	Chord	4/4	1	1	1/16	1/16	1	221						
18	18	385/4	385/4	0.75	1/16	1/16	Chord	4/4	1	1	3/16	1/8	3/2	222						
18	18	97	97	0.25	1/4	1/4	Chord	4/4	1	1	1/16	1/16	1	223						
18	18	389/4	389/4	0.75	5/16	5/16	Chord	4/4	1	1	3/16	1/8	3/2	224						
18	18	98	98	0.25	1/2	1/2	Chord	4/4	1	1	1/16	1/16	1	225						
18	18	393/4	393/4	0.75	9/16	9/16	Chord	4/4	1	1	3/16	1/8	3/2	226						
18	18	99	99	0.25	3/4	3/4	Chord	4/4	1	1	1/16	1/16	1	227						
18	18	397/4	397/4	0.75	13/16	13/16	Chord	4/4	1	1	3/16	1/8	3/2	228						
18	18	96	96	1.0	0	0	Chord	4/4	1	2	1/4	1/4	1	229						
18	18	97	97	2.0	1/4	1/4	Chord	4/4	1	2	1/2	1/2	1	230						
18	18	99	99	0.25	3/4	3/4	Chord	4/4	1	2	1/16	1/16	1	231						
18	18	397/4	397/4	0.75	13/16	13/16	Chord	4/4	1	2	3/16	1/8	3/2	232						
18	18	96	96	4.0	0	0	Chord	4/4	2	2	1	1	1	233						
19	19	100	100	1.0	0	0	Chord	4/4	1	1	1/4	1/4	1	234						
19	19	101	101	1.0	1/4	1/4	Chord	4/4	1	1	1/4	1/4	1	235						
19	19	102	102	0.25	1/2	1/2	Chord	4/4	1	1	1/16	1/16	1	236						
19	19	409/4	409/4	0.75	9/16	9/16	Chord	4/4	1	1	3/16	1/8	3/2	237						
19	19	103	103	0.25	3/4	3/4	Chord	4/4	1	1	1/16	1/16	1	238						
19	19	413/4	413/4	0.75	13/16	13/16	Chord	4/4	1	1	3/16	1/8	3/2	239						
19	19	100	100	0.25	0	0	Chord	4/4	1	2	1/16	1/16	1	240						
19	19	401/4	401/4	0.75	1/16	1/16	Chord	4/4	1	2	3/16	1/8	3/2	241						
19	19	101	101	0.25	1/4	1/4	Chord	4/4	1	2	1/16	1/16	1	242						
19	19	405/4	405/4	0.75	5/16	5/16	Chord	4/4	1	2	3/16	1/8	3/2	243						
19	19	102	102	2.0	1/2	1/2	Chord	4/4	1	2	1/2	1/2	1	244						
19	19	100	100	3.0	0	0	Chord	4/4	2	2	3/4	1/2	3/2	245						
19	19	103	103	1.0	3/4	3/4	Chord	4/4	2	2	1/4	1/4	1	246						
20	20	104	104	1.0	0	0	Chord	4/4	1	1	1/4	1/4	1	247						
20	20	105	105	1.0	1/4	1/4	Chord	4/4	1	1	1/4	1/4	1	248						
20	20	106	106	0.25	1/2	1/2	Chord	4/4	1	2	1/16	1/16	1	249						
20	20	425/4	425/4	0.75	9/16	9/16	Chord	4/4	1	2	3/16	1/8	3/2	250						
20	20	107	107	0.25	3/4	3/4	Chord	4/4	1	2	1/16	1/16	1	251						
20	20	429/4	429/4	0.75	13/16	13/16	Chord	4/4	1	2	3/16	1/8	3/2	252						
20	20	104	104	0.25	0	0	Chord	4/4	2	1	1/16	1/16	1	253						
20	20	417/4	417/4	0.75	1/16	1/16	Chord	4/4	2	1	3/16	1/8	3/2	254						
20	20	105	105	0.25	1/4	1/4	Chord	4/4	2	1	1/16	1/16	1	255						
20	20	421/4	421/4	0.75	5/16	5/16	Chord	4/4	2	1	3/16	1/8	3/2	256						
20	20	106	106	1.5	1/2	1/2	Chord	4/4	2	1	3/8	1/4	3/2	257						
20	20	215/2	215/2	0.5	7/8	7/8	Chord	4/4	2	1	1/8	1/8	1	258						
20	20	104	104	1.0	0	0	Chord	4/4	2	2	1/4	1/4	1	259						
20	20	105	105	2.0	1/4	1/4	Chord	4/4	2	2	1/2	1/2	1	260						
20	20	107	107	1.0	3/4	3/4	Chord	4/4	2	2	1/4	1/4	1	261						
21	21	108	108	0.25	0	0	Chord	4/4	1	2	1/16	1/16	1	262						
21	21	433/4	433/4	0.75	1/16	1/16	Chord	4/4	1	2	3/16	1/8	3/2	263						
21	21	109	109	0.25	1/4	1/4	Chord	4/4	1	2	1/16	1/16	1	264						
21	21	437/4	437/4	0.75	5/16	5/16	Chord	4/4	1	2	3/16	1/8	3/2	265						
21	21	110	110	0.25	1/2	1/2	Chord	4/4	1	2	1/16	1/16	1	266						
21	21	441/4	441/4	0.75	9/16	9/16	Chord	4/4	1	2	3/16	1/8	3/2	267						
21	21	111	111	0.25	3/4	3/4	Chord	4/4	1	2	1/16	1/16	1	268						
21	21	445/4	445/4	0.75	13/16	13/16	Chord	4/4	1	2	3/16	1/8	3/2	269						
21	21	108	108	1.0	0	0	Chord	4/4	2	1	1/4	1/4	1	270						
21	21	109	109	0.25	1/4	1/4	Chord	4/4	2	1	1/16	1/16	1	271						
21	21	437/4	437/4	0.75	5/16	5/16	Chord	4/4	2	1	3/16	1/8	3/2	272						
21	21	110	110	0.25	1/2	1/2	Chord	4/4	2	1	1/16	1/16	1	273						
21	21	441/4	441/4	0.75	9/16	9/16	Chord	4/4	2	1	3/16	1/8	3/2	274						
21	21	111	111	0.25	3/4	3/4	Chord	4/4	2	1	1/16	1/16	1	275						
21	21	445/4	445/4	0.75	13/16	13/16	Chord	4/4	2	1	3/16	1/8	3/2	276						
21	21	108	108	4.0	0	0	Chord	4/4	2	2	1	1	1	277						
22	22	112	112	0.25	0	0	Chord	4/4	1	1	1/16	1/16	1	278						
22	22	449/4	449/4	0.75	1/16	1/16	Chord	4/4	1	1	3/16	1/8	3/2	279						
22	22	113	113	0.25	1/4	1/4	Chord	4/4	1	1	1/16	1/16	1	280						
22	22	453/4	453/4	0.75	5/16	5/16	Chord	4/4	1	1	3/16	1/8	3/2	281						
22	22	114	114	1.0	1/2	1/2	Chord	4/4	1	1	1/4	1/4	1	282						
22	22	115	115	1.0	3/4	3/4	Chord	4/4	1	1	1/4	1/4	1	283						
22	22	112	112	2.0	0	0	Chord	4/4	1	2	1/2	1/2	1	284						
22	22	114	114	0.5	1/2	1/2	Chord	4/4	1	2	1/8	1/8	1	285						
22	22	229/2	229/2	0.5	5/8	5/8	Chord	4/4	1	2	1/8	1/8	1	286						
22	22	115	115	0.5	3/4	3/4	Chord	4/4	1	2	1/8	1/8	1	287						
22	22	231/2	231/2	0.5	7/8	7/8	Chord	4/4	1	2	1/8	1/8	1	288						
22	22	112	112	1.0	0	0	Chord	4/4	2	1	1/4	1/4	1	289						
22	22	113	113	1.0	1/4	1/4	Chord	4/4	2	1	1/4	1/4	1	290						
22	22	114	114	1.0	1/2	1/2	Chord	4/4	2	1	1/4	1/4	1	291						
22	22	115	115	1.0	3/4	3/4	Chord	4/4	2	1	1/4	1/4	1	292						
22	22	112	112	4.0	0	0	Chord	4/4	2	2	1	1	1	293						
23	23	116	116	1.0	0	0	Chord	4/4	1	1	1/4	1/4	1	294						
23	23	117	117	0.5	1/4	1/4	Chord	4/4	1	1	1/8	1/8	1	295						
23	23	235/2	235/2	0.5	3/8	3/8	Chord	4/4	1	1	1/8	1/8	1	296						
23	23	118	118	2.0	1/2	1/2	Chord	4/4	1	1	1/2	1/2	1	297						
23	23	116	116	1.0	0	0	Chord	4/4	1	2	1/4	1/4	1	298						
23	23	117	117	2.0	1/4	1/4	Chord	4/4	1	2	1/2	1/2	1	299						
23	23	119	119	1.0	3/4	3/4	Chord	4/4	1	2	1/4	1/4	1	300						
23	23	116	116	1.0	0	0	Chord	4/4	2	1	1/4	1/4	1	301						
23	23	117	117	1.0	1/4	1/4	Chord	4/4	2	1	1/4	1/4	1	302						
23	23	118	118	2.0	1/2	1/2	Chord	4/4	2	1	1/2	1/2	1	303						
23	23	116	116	4.0	0	0	Chord	4/4	2	2	1	1	1	304						
24	24	120	120	0.0	0	0	Tempo	4/4	1	1	0					ùÖû=20	40.0	ùÖû	20.0	0.0
24	24	120	120	4.0	0	0	Chord	4/4	1	1	1	1	1	305						
24	24	120	120	4.0	0	0	Chord	4/4	1	2	1	1	1	306						
24	24	120	120	4.0	0	0	Chord	4/4	2	1	1	1	1	307						
24	24	120	120	4.0	0	0	Chord	4/4	2	2	1	1	1	308						
