piece	TimeSig	KeySig	last_mc	last_mn	length_qb	last_mc_unfolded	last_mn_unfolded	length_qb_unfolded	all_notes_qb	n_onsets	n_onset_positions	guitar_chord_count	form_label_count	label_count	annotated_key	composed_start	composed_end	composed_source	composer	workTitle	movementNumber	movementTitle	workNumber	poet	lyricist	arranger	copyright	creationDate	mscVersion	platform	source	translator	title_text	subtitle_text	composer_text	musescore	ms3_version	subdirectory	rel_path	has_drumset	ambitus	P86 (composer)	composed_start2	composed_end2	wikidata	musicbrainz	viaf	imslp	pdf	staff_1_instrument	staff_1_ambitus	staff_2_instrument	staff_2_ambitus	staff_3_instrument	staff_3_ambitus	staff_4_instrument	staff_4_ambitus	staff_5_instrument	staff_5_ambitus
12.01_Toccata_avanti_la_Messa_della_Domenica	1: 4/2	1: 0	8	8	64	8	8	64	244	200	121	0	0	57	d	1635	1635	Bärenreiter Verlag (https://imslp.org/wiki/Special:ReverseLookup/39823)	Girolamo Frescobaldi	La Messa della Domenica	1	Toccata avanti la Messa della Domenica	Op.12				1635	2019-05-03	3.02	Microsoft Windows			La Messa della Domenica, 1: Toccata avanti la Messa della Domenica	from Fiori Musicali	Girolamo Frescobaldi	3.6.2	2.2.2	MS3	MS3/12.01_Toccata_avanti_la_Messa_della_Domenica.mscx	False	43-77 (G2-F5)	Q209212	1635	1635	https://www.wikidata.org/wiki/Q3072749	https://musicbrainz.org/work/4ca22ee2-275b-49cf-9676-03680d71c1ed	https://viaf.org/viaf/179864547/	https://imslp.org/wiki/Fiori_Musicali,_Op.12_(Frescobaldi,_Girolamo)	https://imslp.org/wiki/Special:ReverseLookup/39823	Organ	59-77 (B3-F5)	Organ	43-65 (G2-F4)						
12.02_Kyrie_della_domenica	1: 4/2	1: 0	13	13	104	13	13	104	348	167	106	0	0	60	d	1635	1635	Bärenreiter Verlag (https://imslp.org/wiki/Special:ReverseLookup/39823)	Girolamo Frescobaldi	La Messa della Domenica	2	Kyrie della domenica	Op.12				1635	2019-05-03	3.02	Microsoft Windows			La Messa della Domenica, 2: Kyrie della domenica	from Fiori Musicali	Girolamo Frescobaldi	3.6.2	2.2.2	MS3	MS3/12.02_Kyrie_della_domenica.mscx	False	43-70 (G2-Bb4)	Q209212	1635	1635	https://www.wikidata.org/wiki/Q3072749	https://musicbrainz.org/work/b2dda4ec-d61b-428b-a361-77c5191d7bd4	https://viaf.org/viaf/179864547/	https://imslp.org/wiki/Fiori_Musicali,_Op.12_(Frescobaldi,_Girolamo)	https://imslp.org/wiki/Special:ReverseLookup/39823	Organ	53-70 (F3-Bb4)	Organ	43-62 (G2-D4)						
12.03_Kyrie,_Tema_A	1: 4/2	1: 0	17	17	136	17	17	136	443	169	81	0	0	66	d	1635	1635	Bärenreiter Verlag (https://imslp.org/wiki/Special:ReverseLookup/39823)	Girolamo Frescobaldi	La Messa della Domenica	3	Kyrie, Tema A	Op.12				1635	2019-05-03	3.02	Microsoft Windows			La Messa della Domenica, 3: Kyrie, Tema A	from Fiori Musicali	Girolamo Frescobaldi	3.6.2	2.2.2	MS3	MS3/12.03_Kyrie,_Tema_A.mscx	False	43-77 (G2-F5)	Q209212	1635	1635	https://www.wikidata.org/wiki/Q3072749	https://musicbrainz.org/work/beaf614a-64cd-4c83-b9a7-495ca0ac013c	https://viaf.org/viaf/179864547/	https://imslp.org/wiki/Fiori_Musicali,_Op.12_(Frescobaldi,_Girolamo)	https://imslp.org/wiki/Special:ReverseLookup/39823	Organ	56-77 (G#3-F5)	Organ	43-65 (G2-F4)						
12.04_Christe,_Tema_B	1: 4/2	1: 0	15	15	120	15	15	120	380	175	121	0	0	47	d	1635	1635	Bärenreiter Verlag (https://imslp.org/wiki/Special:ReverseLookup/39823)	Girolamo Frescobaldi	La Messa della Domenica	4	Christe, Tema B	Op.12				1635	2019-05-03	3.02	Microsoft Windows			La Messa della Domenica, 4: Christe, Tema B	from Fiori Musicali	Girolamo Frescobaldi	3.6.2	2.2.2	MS3	MS3/12.04_Christe,_Tema_B.mscx	False	43-72 (G2-C5)	Q209212	1635	1635	https://www.wikidata.org/wiki/Q3072749	https://musicbrainz.org/work/6346b073-d576-4307-843a-fe54d80ff116	https://viaf.org/viaf/179864547/	https://imslp.org/wiki/Fiori_Musicali,_Op.12_(Frescobaldi,_Girolamo)	https://imslp.org/wiki/Special:ReverseLookup/39823	Organ	55-72 (G3-C5)	Organ	43-62 (G2-D4)						
12.05_Christe,_Tema_B,_alio_modo	1: 8/4, 4: 4/4, 6: 8/4	1: 0	8	8	56	8	8	56	176	156	93	0	0	47	d	1635	1635	Bärenreiter Verlag (https://imslp.org/wiki/Special:ReverseLookup/39823)	Girolamo Frescobaldi	La Messa della Domenica	5	Christe, Tema B, alio modo	Op.12				1635	2019-05-03	3.02	Microsoft Windows			La Messa della Domenica, 5: Christe, Tema B, alio modo	from Fiori Musicali	Girolamo Frescobaldi	3.6.2	2.2.2	MS3	MS3/12.05_Christe,_Tema_B,_alio_modo.mscx	False	43-77 (G2-F5)	Q209212	1635	1635	https://www.wikidata.org/wiki/Q3072749	https://musicbrainz.org/work/2843547e-68f0-4f9d-8ccc-f9c53b7d9c18	https://viaf.org/viaf/179864547/	https://imslp.org/wiki/Fiori_Musicali,_Op.12_(Frescobaldi,_Girolamo)	https://imslp.org/wiki/Special:ReverseLookup/39823	Organ	53-77 (F3-F5)	Organ	43-64 (G2-E4)						
12.06_Christe,_Tema_B,_alio_modo_II	1: 3/2	1: 0	21	21	126	21	21	126	416	164	98	0	0	46	d	1635	1635	Bärenreiter Verlag (https://imslp.org/wiki/Special:ReverseLookup/39823)	Girolamo Frescobaldi	La Messa della Domenica	6	Christe, Tema B, alio modo II	Op.12				1635	2019-05-03	3.02	Microsoft Windows			La Messa della Domenica, 6: Christe, Tema B, alio modo II	from Fiori Musicali	Girolamo Frescobaldi	3.6.2	2.2.2	MS3	MS3/12.06_Christe,_Tema_B,_alio_modo_II.mscx	False	40-74 (E2-D5)	Q209212	1635	1635	https://www.wikidata.org/wiki/Q3072749	https://musicbrainz.org/work/d1e6cb07-5cc7-4ab4-a2ee-ac362d88b43a	https://viaf.org/viaf/179864547/	https://imslp.org/wiki/Fiori_Musicali,_Op.12_(Frescobaldi,_Girolamo)	https://imslp.org/wiki/Special:ReverseLookup/39823	Organ	55-74 (G3-D5)	Organ	40-62 (E2-D4)						
12.07_Christe,_Tema_B,_alio_modo_III	1: 4/2	1: 0	14	14	112	14	14	112	384	153	101	0	0	35	d	1635	1635	Bärenreiter Verlag (https://imslp.org/wiki/Special:ReverseLookup/39823)	Girolamo Frescobaldi	La Messa della Domenica	7	Christe, Tema B, alio modo III	Op.12				1635	2019-05-03	3.02	Microsoft Windows			La Messa della Domenica, 7: Christe, Tema B, alio modo III	from Fiori Musicali	Girolamo Frescobaldi	3.6.2	2.2.2	MS3	MS3/12.07_Christe,_Tema_B,_alio_modo_III.mscx	False	41-74 (F2-D5)	Q209212	1635	1635	https://www.wikidata.org/wiki/Q3072749	https://musicbrainz.org/work/a5ecc5bd-ea8a-4889-859d-22881564ab2f	https://viaf.org/viaf/179864547/	https://imslp.org/wiki/Fiori_Musicali,_Op.12_(Frescobaldi,_Girolamo)	https://imslp.org/wiki/Special:ReverseLookup/39823	Organ	62-74 (D4-D5)	Organ	41-62 (F2-D4)						
12.08_Kyrie,_Tema_C	1: 4/2	1: 0	13	13	104	13	13	104	380	124	83	0	0	54	d	1635	1635	Bärenreiter Verlag (https://imslp.org/wiki/Special:ReverseLookup/39823)	Girolamo Frescobaldi	La Messa della Domenica	8	Kyrie, Tema C	Op.12				1635	2019-05-03	3.02	Microsoft Windows			La Messa della Domenica, 8: Kyrie, Tema C	from Fiori Musicali	Girolamo Frescobaldi	3.6.2	2.2.2	MS3	MS3/12.08_Kyrie,_Tema_C.mscx	False	43-74 (G2-D5)	Q209212	1635	1635	https://www.wikidata.org/wiki/Q3072749	https://musicbrainz.org/work/d54916ab-690c-45b4-9ded-2fc35bf606f9	https://viaf.org/viaf/179864547/	https://imslp.org/wiki/Fiori_Musicali,_Op.12_(Frescobaldi,_Girolamo)	https://imslp.org/wiki/Special:ReverseLookup/39823	Organ	62-74 (D4-D5)	Organ	43-65 (G2-F4)						
12.09_Kyrie,_Tema_D,_alio_modo_I	1: 4/2	1: 0	21	21	168	21	21	168	539	224	140	0	0	63	d	1635	1635	Bärenreiter Verlag (https://imslp.org/wiki/Special:ReverseLookup/39823)	Girolamo Frescobaldi	La Messa della Domenica	9	Kyrie, Tema D, alio modo I	Op.12				1635	2019-05-03	3.02	Microsoft Windows			La Messa della Domenica, 9: Kyrie, Tema D, alio modo I	from Fiori Musicali	Girolamo Frescobaldi	3.6.2	2.2.2	MS3	MS3/12.09_Kyrie,_Tema_D,_alio_modo_I.mscx	False	43-77 (G2-F5)	Q209212	1635	1635	https://www.wikidata.org/wiki/Q3072749	https://musicbrainz.org/work/3199ddbc-1812-4a1e-b34e-5566f458b4f9	https://viaf.org/viaf/179864547/	https://imslp.org/wiki/Fiori_Musicali,_Op.12_(Frescobaldi,_Girolamo)	https://imslp.org/wiki/Special:ReverseLookup/39823	Organ	55-77 (G3-F5)	Organ	43-65 (G2-F4)						
12.10_Kyrie,_Tema_D,_alio_modo_II	1: 4/2	1: 0	18	18	144	18	18	144	475	210	133	0	0	52	d	1635	1635	Bärenreiter Verlag (https://imslp.org/wiki/Special:ReverseLookup/39823)	Girolamo Frescobaldi	La Messa della Domenica	10	Kyrie, Tema D, alio modo II	Op.12				1635	2019-05-03	3.02	Microsoft Windows			La Messa della Domenica, 10: Kyrie, Tema D, alio modo II	from Fiori Musicali	Girolamo Frescobaldi	3.6.2	2.2.2	MS3	MS3/12.10_Kyrie,_Tema_D,_alio_modo_II.mscx	False	43-76 (G2-E5)	Q209212	1635	1635	https://www.wikidata.org/wiki/Q3072749	https://musicbrainz.org/work/70dd9b1d-0fef-4884-9c96-56a1695f6e35	https://viaf.org/viaf/179864547/	https://imslp.org/wiki/Fiori_Musicali,_Op.12_(Frescobaldi,_Girolamo)	https://imslp.org/wiki/Special:ReverseLookup/39823	Organ	55-76 (G3-E5)	Organ	43-64 (G2-E4)						
12.11_Kyrie_ultimo	1: 4/2	1: 0	19	19	152	19	19	152	516	229	132	0	0	65	d	1635	1635	Bärenreiter Verlag (https://imslp.org/wiki/Special:ReverseLookup/39823)	Girolamo Frescobaldi	La Messa della Domenica	11	Kyrie ultimo	Op.12				1635	2019-05-03	3.02	Microsoft Windows			La Messa della Domenica, 11: Kyrie ultimo	from Fiori Musicali	Girolamo Frescobaldi	3.6.2	2.2.2	MS3	MS3/12.11_Kyrie_ultimo.mscx	False	43-77 (G2-F5)	Q209212	1635	1635	https://www.wikidata.org/wiki/Q3072749	https://musicbrainz.org/work/9a744dca-8306-4512-ba72-c981c3ef40ac	https://viaf.org/viaf/179864547/	https://imslp.org/wiki/Fiori_Musicali,_Op.12_(Frescobaldi,_Girolamo)	https://imslp.org/wiki/Special:ReverseLookup/39823	Organ	57-77 (A3-F5)	Organ	43-65 (G2-F4)						
12.12_Kyrie,_Tema_D,_alio_modo_III	1: 4/2	1: 0	12	12	96	12	12	96	297	189	100	0	0	84	d	1635	1635	Bärenreiter Verlag (https://imslp.org/wiki/Special:ReverseLookup/39823)	Girolamo Frescobaldi	La Messa della Domenica	12	Kyrie, Tema D, alio modo III	Op.12				1635	2019-05-03	3.02	Microsoft Windows			La Messa della Domenica, 12: Kyrie, Tema D, alio modo III	from Fiori Musicali	Girolamo Frescobaldi	3.6.2	2.2.2	MS3	MS3/12.12_Kyrie,_Tema_D,_alio_modo_III.mscx	False	43-77 (G2-F5)	Q209212	1635	1635	https://www.wikidata.org/wiki/Q3072749	https://musicbrainz.org/work/494c8a61-dd7c-45b0-b889-378eabc6f4e1	https://viaf.org/viaf/179864547/	https://imslp.org/wiki/Fiori_Musicali,_Op.12_(Frescobaldi,_Girolamo)	https://imslp.org/wiki/Special:ReverseLookup/39823	Organ	57-77 (A3-F5)	Organ	43-66 (G2-F#4)						
12.13_Kyrie,_Tema_D,_alio_modo_IV	1: 3/2	1: 0	21	21	126	21	21	126	430	111	68	0	0	48	d	1635	1635	Bärenreiter Verlag (https://imslp.org/wiki/Special:ReverseLookup/39823)	Girolamo Frescobaldi	La Messa della Domenica	13	Kyrie, Tema D, alio modo IV	Op.12				1635	2019-05-03	3.02	Microsoft Windows			La Messa della Domenica, 13: Kyrie, Tema D, alio modo IV	from Fiori Musicali	Girolamo Frescobaldi	3.6.2	2.2.2	MS3	MS3/12.13_Kyrie,_Tema_D,_alio_modo_IV.mscx	False	45-76 (A2-E5)	Q209212	1635	1635	https://www.wikidata.org/wiki/Q3072749	https://musicbrainz.org/work/06d84212-6bfd-4e48-b46c-417a96fcdf49	https://viaf.org/viaf/179864547/	https://imslp.org/wiki/Fiori_Musicali,_Op.12_(Frescobaldi,_Girolamo)	https://imslp.org/wiki/Special:ReverseLookup/39823	Organ	60-76 (C4-E5)	Organ	45-57 (A2-A3)						
12.14_Canzon_dopo_l’Epistola	1: 4/4, 18: 3/2, 36: 4/4	1: 0	59	59	272	59	59	272	824.25	754	447	0	0	211	d	1635	1635	Bärenreiter Verlag (https://imslp.org/wiki/Special:ReverseLookup/39823)	Girolamo Frescobaldi	La Messa della Domenica	14	Canzon dopo l’Epistola	Op.12				1635	2019-05-03	3.02	Microsoft Windows			La Messa della Domenica, 14: Canzon dopo l’Epistola	from Fiori Musicali	Girolamo Frescobaldi	3.6.2	2.2.2	MS3	MS3/12.14_Canzon_dopo_l’Epistola.mscx	False	41-77 (F2-F5)	Q209212	1635	1635	https://www.wikidata.org/wiki/Q3072749	https://musicbrainz.org/work/d059986a-44a3-4f1b-b6fb-85403fbeb019	https://viaf.org/viaf/179864547/	https://imslp.org/wiki/Fiori_Musicali,_Op.12_(Frescobaldi,_Girolamo)	https://imslp.org/wiki/Special:ReverseLookup/39823	Organ	56-77 (G#3-F5)	Organ	41-65 (F2-F4)						
12.15_Recercar_dopo_il_Credo	1: 4/2	1: -1	47	47	376	47	47	376	1139	598	348	0	0	162	g	1635	1635	Bärenreiter Verlag (https://imslp.org/wiki/Special:ReverseLookup/39823)	Girolamo Frescobaldi	La Messa della Domenica	15	Recercar dopo il Credo	Op.12				1635	2019-05-03	3.02	Microsoft Windows			La Messa della Domenica, 15: Recercar dopo il Credo	from Fiori Musicali	Girolamo Frescobaldi	3.6.2	2.2.2	MS3	MS3/12.15_Recercar_dopo_il_Credo.mscx	False	41-75 (F2-Eb5)	Q209212	1635	1635	https://www.wikidata.org/wiki/Q3072749	https://musicbrainz.org/work/098ef1f6-d914-4e99-93cf-6a8ccfc5c34e	https://viaf.org/viaf/179864547/	https://imslp.org/wiki/Fiori_Musicali,_Op.12_(Frescobaldi,_Girolamo)	https://imslp.org/wiki/Special:ReverseLookup/39823	Organ	55-75 (G3-Eb5)	Organ	41-63 (F2-Eb4)						
12.16_Toccata_cromaticha_per_l’elevatione	1: 4/2	1: 0	53	53	424	53	53	424	1447	528	298	0	0	199	a	1635	1635	Bärenreiter Verlag (https://imslp.org/wiki/Special:ReverseLookup/39823)	Girolamo Frescobaldi	La Messa della Domenica	16	Toccata cromaticha per l’elevatione	Op.12				1635	2019-05-03	3.02	Microsoft Windows			La Messa della Domenica, 16: Toccata cromaticha per l’elevatione	from Fiori Musicali	Girolamo Frescobaldi	3.6.2	2.2.2	MS3	MS3/12.16_Toccata_cromaticha_per_l’elevatione.mscx	False	41-76 (F2-E5)	Q209212	1635	1635	https://www.wikidata.org/wiki/Q3072749	https://musicbrainz.org/work/a5e738c7-3ecd-4fd6-85f7-6dc49b24f79d	https://viaf.org/viaf/179864547/	https://imslp.org/wiki/Fiori_Musicali,_Op.12_(Frescobaldi,_Girolamo)	https://imslp.org/wiki/Special:ReverseLookup/39823	Organ	54-76 (F#3-E5)	Organ	41-66 (F2-F#4)						
12.17_Canzon_post_il_Comune	1: 4/4, 22: 8/4, 24: 4/4, 25: 3/2, 44: 8/4, 45: 4/4, 46: 8/4, 47: 4/4	1: 0	80	80	374	80	80	374	1158	1081	620	0	0	213	C	1635	1635	Bärenreiter Verlag (https://imslp.org/wiki/Special:ReverseLookup/39823)	Girolamo Frescobaldi	La Messa della Domenica	17	Canzon post il Comune	Op.12				1635	2019-05-03	3.02	Microsoft Windows			La Messa della Domenica, 17: Canzon post il Comune	from Fiori Musicali	Girolamo Frescobaldi	3.6.2	2.2.2	MS3	MS3/12.17_Canzon_post_il_Comune.mscx	False	40-77 (E2-F5)	Q209212	1635	1635	https://www.wikidata.org/wiki/Q3072749	https://musicbrainz.org/work/0639415c-a4b5-4f91-a5ee-2a36e48f78cb	https://viaf.org/viaf/179864547/	https://imslp.org/wiki/Fiori_Musicali,_Op.12_(Frescobaldi,_Girolamo)	https://imslp.org/wiki/Special:ReverseLookup/39823	Organ	53-77 (F3-F5)	Organ	40-67 (E2-G4)						
12.18_Toccata_avanti_la_Messa_delli_Apostoli	1: 4/4	1: 0	21	21	84	21	21	84	617.5	555	170	0	0	74	d	1635	1635	Bärenreiter Verlag (https://imslp.org/wiki/Special:ReverseLookup/39823)	Girolamo Frescobaldi	La Messa degli Apostoli	1	Toccata avanti la Messa delli Apostoli	Op.12				1635	2018-11-22	3.02	Microsoft Windows			La Messa degli Apostoli, 1: Toccata avanti la Messa delli Apostoli	from Fiori Musicali	Girolamo Frescobaldi	3.6.2	2.2.2	MS3	MS3/12.18_Toccata_avanti_la_Messa_delli_Apostoli.mscx	False	41-77 (F2-F5)	Q209212	1635	1635	https://www.wikidata.org/wiki/Q3072749	https://musicbrainz.org/work/e084e38d-797a-4f7b-8b5b-cf88e618f04e	https://viaf.org/viaf/179864547/	https://imslp.org/wiki/Fiori_Musicali,_Op.12_(Frescobaldi,_Girolamo)	https://imslp.org/wiki/Special:ReverseLookup/39823	Organ	59-77 (B3-F5)	Organ	41-66 (F2-F#4)	Organ	59-77 (B3-F5)	Organ	41-66 (F2-F#4)		
12.19_Kyrie,_Tema_E_1	1: 4/2	1: 0	16	16	128	16	16	128	815	358	108	0	0	46	d	1635	1635	Bärenreiter Verlag (https://imslp.org/wiki/Special:ReverseLookup/39823)	Girolamo Frescobaldi	La Messa degli Apostoli	2	Kyrie, Tema E 1	Op.12				1635	2018-11-22	3.02	Microsoft Windows			La Messa degli Apostoli, 2: Kyrie, Tema E 1	from Fiori Musicali	Girolamo Frescobaldi	3.6.2	2.2.2	MS3	MS3/12.19_Kyrie,_Tema_E_1.mscx	False	45-77 (A2-F5)	Q209212	1635	1635	https://www.wikidata.org/wiki/Q3072749	https://musicbrainz.org/work/e339a474-8b51-4b7f-9088-50b4a2077a04	https://viaf.org/viaf/179864547/	https://imslp.org/wiki/Fiori_Musicali,_Op.12_(Frescobaldi,_Girolamo)	https://imslp.org/wiki/Special:ReverseLookup/39823	Organ	57-77 (A3-F5)	Organ	45-62 (A2-D4)	Organ	57-77 (A3-F5)	Organ	45-62 (A2-D4)		
12.20_Kyrie,_Tema_E_2	1: 4/2	1: 0	17	17	136	17	17	136	825	422	114	0	0	64	d	1635	1635	Bärenreiter Verlag (https://imslp.org/wiki/Special:ReverseLookup/39823)	Girolamo Frescobaldi	La Messa degli Apostoli	3	Kyrie, Tema E 2	Op.12				1635	2018-11-22	3.02	Microsoft Windows			La Messa degli Apostoli, 3: Kyrie, Tema E 2	from Fiori Musicali	Girolamo Frescobaldi	3.6.2	2.2.2	MS3	MS3/12.20_Kyrie,_Tema_E_2.mscx	False	45-74 (A2-D5)	Q209212	1635	1635	https://www.wikidata.org/wiki/Q3072749	https://musicbrainz.org/work/819e418a-a671-4659-8674-73daa3cfd31e	https://viaf.org/viaf/179864547/	https://imslp.org/wiki/Fiori_Musicali,_Op.12_(Frescobaldi,_Girolamo)	https://imslp.org/wiki/Special:ReverseLookup/39823	Organ	56-74 (G#3-D5)	Organ	45-65 (A2-F4)	Organ	56-74 (G#3-D5)	Organ	45-65 (A2-F4)		
12.21_Kyrie,_Tema_E_3	1: 8/4	1: 0	10	10	80	10	10	80	537	531	151	0	0	45	d	1635	1635	Bärenreiter Verlag (https://imslp.org/wiki/Special:ReverseLookup/39823)	Girolamo Frescobaldi	La Messa degli Apostoli	4	Kyrie, Tema E 3	Op.12				1635	2018-11-22	3.02	Microsoft Windows			La Messa degli Apostoli, 4: Kyrie, Tema E 3	from Fiori Musicali	Girolamo Frescobaldi	3.6.2	2.2.2	MS3	MS3/12.21_Kyrie,_Tema_E_3.mscx	False	45-76 (A2-E5)	Q209212	1635	1635	https://www.wikidata.org/wiki/Q3072749	https://musicbrainz.org/work/59fdeab8-287e-4a19-9927-33cdeb90fe59	https://viaf.org/viaf/179864547/	https://imslp.org/wiki/Fiori_Musicali,_Op.12_(Frescobaldi,_Girolamo)	https://imslp.org/wiki/Special:ReverseLookup/39823	Organ	55-76 (G3-E5)	Organ	45-67 (A2-G4)	Organ	55-76 (G3-E5)	Organ	45-65 (A2-F4)		
12.22_Christe,_Tema_F_1	1: 4/2, 6: 8/2, 7: 4/2	1: 0	13	13	112	13	13	112	743	267	75	0	0	43	d	1635	1635	Bärenreiter Verlag (https://imslp.org/wiki/Special:ReverseLookup/39823)	Girolamo Frescobaldi	La Messa degli Apostoli	5	Christe, Tema F 1	Op.12				1635	2018-11-22	3.02	Microsoft Windows			La Messa degli Apostoli, 5: Christe, Tema F 1	from Fiori Musicali	Girolamo Frescobaldi	3.6.2	2.2.2	MS3	MS3/12.22_Christe,_Tema_F_1.mscx	False	48-74 (C3-D5)	Q209212	1635	1635	https://www.wikidata.org/wiki/Q3072749	https://musicbrainz.org/work/77fb4c32-7a54-49ef-b66f-8bd84aa2b0a5	https://viaf.org/viaf/179864547/	https://imslp.org/wiki/Fiori_Musicali,_Op.12_(Frescobaldi,_Girolamo)	https://imslp.org/wiki/Special:ReverseLookup/39823	Organ	57-74 (A3-D5)	Organ	48-64 (C3-E4)	Organ	57-74 (A3-D5)	Organ	48-64 (C3-E4)		
12.23_Christe,_Tema_F_2	1: 4/2, 10: 2/2, 11: 4/2	1: 0	14	14	108	14	14	108	731	340	96	0	0	52	d	1635	1635	Bärenreiter Verlag (https://imslp.org/wiki/Special:ReverseLookup/39823)	Girolamo Frescobaldi	La Messa degli Apostoli	6	Christe, Tema F 2	Op.12				1635	2018-11-22	3.02	Microsoft Windows			La Messa degli Apostoli, 6: Christe, Tema F 2	from Fiori Musicali	Girolamo Frescobaldi	3.6.2	2.2.2	MS3	MS3/12.23_Christe,_Tema_F_2.mscx	False	43-74 (G2-D5)	Q209212	1635	1635	https://www.wikidata.org/wiki/Q3072749	https://musicbrainz.org/work/f1596301-3c50-403c-bdf9-1b4122001203	https://viaf.org/viaf/179864547/	https://imslp.org/wiki/Fiori_Musicali,_Op.12_(Frescobaldi,_Girolamo)	https://imslp.org/wiki/Special:ReverseLookup/39823	Organ	55-74 (G3-D5)	Organ	43-58 (G2-Bb3)	Organ	55-74 (G3-D5)	Organ	43-58 (G2-Bb3)		
12.24_Kyrie,_Tema_G_1	1: 3/1, 26: 6/1	1: 0	27	27	348	27	27	348	2264	382	116	0	0	51	d	1635	1635	Bärenreiter Verlag (https://imslp.org/wiki/Special:ReverseLookup/39823)	Girolamo Frescobaldi	La Messa degli Apostoli	7	Kyrie, Tema G 1	Op.12				1635	2018-11-22	3.02	Microsoft Windows			La Messa degli Apostoli, 7: Kyrie, Tema G 1	from Fiori Musicali	Girolamo Frescobaldi	3.6.2	2.2.2	MS3	MS3/12.24_Kyrie,_Tema_G_1.mscx	False	43-76 (G2-E5)	Q209212	1635	1635	https://www.wikidata.org/wiki/Q3072749	https://musicbrainz.org/work/22ecc62b-f9f2-4788-b3f7-b2bdefb0af41	https://viaf.org/viaf/179864547/	https://imslp.org/wiki/Fiori_Musicali,_Op.12_(Frescobaldi,_Girolamo)	https://imslp.org/wiki/Special:ReverseLookup/39823	Organ	57-76 (A3-E5)	Organ	43-64 (G2-E4)	Organ	57-76 (A3-E5)	Organ	43-64 (G2-E4)		
12.25_Kyrie,_Tema_G_2	1: 4/2	1: 0	20	20	160	20	20	160	942.5	446	137	0	0	65	d	1635	1635	Bärenreiter Verlag (https://imslp.org/wiki/Special:ReverseLookup/39823)	Girolamo Frescobaldi	La Messa degli Apostoli	8	Kyrie, Tema G 2	Op.12				1635	2018-11-22	3.02	Microsoft Windows			La Messa degli Apostoli, 8: Kyrie, Tema G 2	from Fiori Musicali	Girolamo Frescobaldi	3.6.2	2.2.2	MS3	MS3/12.25_Kyrie,_Tema_G_2.mscx	False	41-76 (F2-E5)	Q209212	1635	1635	https://www.wikidata.org/wiki/Q3072749	https://musicbrainz.org/work/8414ff8c-d8cf-442c-92bf-67636f40c736	https://viaf.org/viaf/179864547/	https://imslp.org/wiki/Fiori_Musicali,_Op.12_(Frescobaldi,_Girolamo)	https://imslp.org/wiki/Special:ReverseLookup/39823	Organ	53-76 (F3-E5)	Organ	41-64 (F2-E4)	Organ	53-76 (F3-E5)	Organ	41-64 (F2-E4)		
12.26_Kyrie,_Tema_H	1: 4/2	1: 0	20	20	160	20	20	160	1050	512	157	0	0	63	d	1635	1635	Bärenreiter Verlag (https://imslp.org/wiki/Special:ReverseLookup/39823)	Girolamo Frescobaldi	La Messa degli Apostoli	9	Kyrie, Tema H	Op.12				1635	2018-11-22	3.02	Microsoft Windows			La Messa degli Apostoli, 9: Kyrie, Tema H	from Fiori Musicali	Girolamo Frescobaldi	3.6.2	2.2.2	MS3	MS3/12.26_Kyrie,_Tema_H.mscx	False	45-76 (A2-E5)	Q209212	1635	1635	https://www.wikidata.org/wiki/Q3072749	https://musicbrainz.org/work/c976b9cf-ff22-41b7-96e4-b4c13773d251	https://viaf.org/viaf/179864547/	https://imslp.org/wiki/Fiori_Musicali,_Op.12_(Frescobaldi,_Girolamo)	https://imslp.org/wiki/Special:ReverseLookup/39823	Organ	55-76 (G3-E5)	Organ	45-62 (A2-D4)	Organ	55-76 (G3-E5)	Organ	45-62 (A2-D4)		
12.27_Canzon_dopo_l'Epistola	1: 4/2, 5: 4/4, 19: 8/4, 21: 4/4, 38: 8/4, 39: 4/4, 40: 3/4, 54: 8/4, 55: 4/4, 67: 8/4	1: 0	68	68	298	68	68	298	1908.25	1995	569	0	0	210	C	1635	1635	Bärenreiter Verlag (https://imslp.org/wiki/Special:ReverseLookup/39823)	Girolamo Frescobaldi	La Messa degli Apostoli	10	Canzon dopo l’Epistola	Op.12				1635	2018-11-22	3.02	Microsoft Windows			La Messa degli Apostoli, 10: Canzon dopo l’Epistola	from Fiori Musicali	Girolamo Frescobaldi	3.6.2	2.2.2	MS3	MS3/12.27_Canzon_dopo_l'Epistola.mscx	False	40-77 (E2-F5)	Q209212	1635	1635	https://www.wikidata.org/wiki/Q3072749	https://musicbrainz.org/work/d7d60a97-ffa6-423c-93ae-bb73dd798605	https://viaf.org/viaf/179864547/	https://imslp.org/wiki/Fiori_Musicali,_Op.12_(Frescobaldi,_Girolamo)	https://imslp.org/wiki/Special:ReverseLookup/39823	Organ	57-77 (A3-F5)	Organ	40-67 (E2-G4)	Organ	57-77 (A3-F5)	Organ	40-67 (E2-G4)		
12.28_Toccata_avanti_il_Recercar	1: 4/4, 8: 8/4, 9: 4/4, 12: 8/4	1: 0	13	13	64	13	13	64	481	353	100	0	0	60	d	1635	1635	Bärenreiter Verlag (https://imslp.org/wiki/Special:ReverseLookup/39823)	Girolamo Frescobaldi	La Messa degli Apostoli	11	Toccata avanti il Recercar	Op.12				1635	2018-11-22	3.02	Microsoft Windows			La Messa degli Apostoli, 11: Toccata avanti il Recercar	from Fiori Musicali	Girolamo Frescobaldi	3.6.2	2.2.2	MS3	MS3/12.28_Toccata_avanti_il_Recercar.mscx	False	43-76 (G2-E5)	Q209212	1635	1635	https://www.wikidata.org/wiki/Q3072749	https://musicbrainz.org/work/06541ad8-e078-4620-b2b6-1bf31c76d621	https://viaf.org/viaf/179864547/	https://imslp.org/wiki/Fiori_Musicali,_Op.12_(Frescobaldi,_Girolamo)	https://imslp.org/wiki/Special:ReverseLookup/39823	Organ	57-76 (A3-E5)	Organ	43-64 (G2-E4)	Organ	57-76 (A3-E5)	Organ	43-64 (G2-E4)		
12.29_Recercar_cromaticho_post_il_Credo	1: 4/2, 43: 2/2, 44: 4/2	1: 0	70	70	556	70	70	556	3398.5	1487	428	0	0	248	d	1635	1635	Bärenreiter Verlag (https://imslp.org/wiki/Special:ReverseLookup/39823)	Girolamo Frescobaldi	La Messa degli Apostoli	12	Recercar cromaticho post il Credo	Op.12				1635	2018-11-22	3.02	Microsoft Windows			La Messa degli Apostoli, 12: Recercar cromaticho post il Credo	from Fiori Musicali	Girolamo Frescobaldi	3.6.2	2.2.2	MS3	MS3/12.29_Recercar_cromaticho_post_il_Credo.mscx	False	41-78 (F2-F#5)	Q209212	1635	1635	https://www.wikidata.org/wiki/Q3072749	https://musicbrainz.org/work/f9b7c4ba-a640-4d1d-b5c8-828173f740af	https://viaf.org/viaf/179864547/	https://imslp.org/wiki/Fiori_Musicali,_Op.12_(Frescobaldi,_Girolamo)	https://imslp.org/wiki/Special:ReverseLookup/39823	Organ	52-78 (E3-F#5)	Organ	41-64 (F2-E4)	Organ	52-78 (E3-F#5)	Organ	41-64 (F2-E4)		
12.30_Alto_recercar	1: 4/2, 60: 2/2, 61: 4/2	1: -1	81	81	644	81	81	644	4033	1916	570	0	0	319	g	1635	1635	Bärenreiter Verlag (https://imslp.org/wiki/Special:ReverseLookup/39823)	Girolamo Frescobaldi	La Messa degli Apostoli	13	Alto recercar	Op.12				1635	2018-11-22	3.02	Microsoft Windows			La Messa degli Apostoli, 13: Alto recercar	from Fiori Musicali	Girolamo Frescobaldi	3.6.2	2.2.2	MS3	MS3/12.30_Alto_recercar.mscx	False	43-77 (G2-F5)	Q209212	1635	1635	https://www.wikidata.org/wiki/Q3072749	https://musicbrainz.org/work/6d10ff6d-356f-477b-9b5e-16593b6418db	https://viaf.org/viaf/179864547/	https://imslp.org/wiki/Fiori_Musicali,_Op.12_(Frescobaldi,_Girolamo)	https://imslp.org/wiki/Special:ReverseLookup/39823	Organ	55-77 (G3-F5)	Organ	43-65 (G2-F4)	Organ	55-77 (G3-F5)	Organ	43-65 (G2-F4)		
12.31_Toccata_per_l'Elevatione	1: 4/2, 9: 2/2, 10: 4/2, 11: 2/2, 23: 4/2, 25: 2/2, 30: 4/2	1: 0	33	33	192	33	33	192	1417.25	914	297	1	0	130	e	1635	1635	Bärenreiter Verlag (https://imslp.org/wiki/Special:ReverseLookup/39823)	Girolamo Frescobaldi	La Messa degli Apostoli	14	Toccata per l'Elevatione	Op.12				1635	2018-11-22	3.02	Microsoft Windows			La Messa degli Apostoli, 14: Toccata per l'Elevatione	from Fiori Musicali	Girolamo Frescobaldi	3.6.2	2.2.2	MS3	MS3/12.31_Toccata_per_l'Elevatione.mscx	False	40-77 (E2-F5)	Q209212	1635	1635	https://www.wikidata.org/wiki/Q3072749	https://musicbrainz.org/work/39a66bcd-c993-4d38-9e3c-1d090ac64754	https://viaf.org/viaf/179864547/	https://imslp.org/wiki/Fiori_Musicali,_Op.12_(Frescobaldi,_Girolamo)	https://imslp.org/wiki/Special:ReverseLookup/39823	Organ	56-77 (G#3-F5)	Organ	40-64 (E2-E4)	Organ	56-77 (G#3-F5)	Organ	40-64 (E2-E4)		
12.32_Recercar_con_obligo_del_Basso_come_appare	1: 4/2, 21: 6/2, 22: 4/2	1: 0	64	64	516	64	64	516	3248	1549	457	0	0	219	C	1635	1635	Bärenreiter Verlag (https://imslp.org/wiki/Special:ReverseLookup/39823)	Girolamo Frescobaldi	La Messa degli Apostoli	15	Recercar con obligo del Basso come appare	Op.12				1635	2018-11-22	3.02	Microsoft Windows			La Messa degli Apostoli, 15: Recercar con obligo del Basso come appare	from Fiori Musicali	Girolamo Frescobaldi	3.6.2	2.2.2	MS3	MS3/12.32_Recercar_con_obligo_del_Basso_come_appare.mscx	False	41-76 (F2-E5)	Q209212	1635	1635	https://www.wikidata.org/wiki/Q3072749	https://musicbrainz.org/work/aad9f19c-e1c5-42ca-b76a-14e98a83fd86	https://viaf.org/viaf/179864547/	https://imslp.org/wiki/Fiori_Musicali,_Op.12_(Frescobaldi,_Girolamo)	https://imslp.org/wiki/Special:ReverseLookup/39823	Organ	54-76 (F#3-E5)	Organ	41-66 (F2-F#4)	Organ	54-76 (F#3-E5)	Organ	41-66 (F2-F#4)		
12.33_Canzon_quarti_toni_dopo_il_post_Comune	1: 4/4, 16: 8/4, 17: 3/2, 34: 8/4, 37: 4/4	1: 0	58	58	282	58	58	282	1766	1756	540	1	0	208	e	1635	1635	Bärenreiter Verlag (https://imslp.org/wiki/Special:ReverseLookup/39823)	Girolamo Frescobaldi	La Messa degli Apostoli	16	Canzon quarti toni dopo il post Comune	Op.12				1635	2018-11-22	3.02	Microsoft Windows			La Messa degli Apostoli, 16: Canzon quarti toni dopo il post Comune	from Fiori Musicali	Girolamo Frescobaldi	3.6.2	2.2.2	MS3	MS3/12.33_Canzon_quarti_toni_dopo_il_post_Comune.mscx	False	40-77 (E2-F5)	Q209212	1635	1635	https://www.wikidata.org/wiki/Q3072749	https://musicbrainz.org/work/5d23ad85-1ddb-46f9-8560-39bc311d2321	https://viaf.org/viaf/179864547/	https://imslp.org/wiki/Fiori_Musicali,_Op.12_(Frescobaldi,_Girolamo)	https://imslp.org/wiki/Special:ReverseLookup/39823	Organ	55-77 (G3-F5)	Organ	40-65 (E2-F4)	Organ	55-77 (G3-F5)	Organ	40-65 (E2-F4)		
12.34_Toccata_avanti_la_Messa_della_Madonna	1: 4/2, 4: 2/2	1: 0	12	12	60	12	12	60	429	390	119	0	0	38	d	1635	1635	Bärenreiter Verlag (https://imslp.org/wiki/Special:ReverseLookup/39823)	Girolamo Frescobaldi	La Messa della Madonna	1	Toccata avanti la Messa della Madonna	Op.12				MDCXXXV	2018-11-18	3.02	Microsoft Windows			La Messa della Madonna, 1: Toccata avanti la Messa della Madonna	from Fiori Musicali	Girolamo Frescobaldi	3.6.2	2.2.2	MS3	MS3/12.34_Toccata_avanti_la_Messa_della_Madonna.mscx	False	41-77 (F2-F5)	Q209212	1635	1635	https://www.wikidata.org/wiki/Q3072749	https://musicbrainz.org/work/62d77de1-f177-480f-a7f4-dde015d7690f	https://viaf.org/viaf/179864547/	https://imslp.org/wiki/Fiori_Musicali,_Op.12_(Frescobaldi,_Girolamo)	https://imslp.org/wiki/Special:ReverseLookup/39823	Voice		Organ	55-77 (G3-F5)	Organ	41-62 (F2-D4)	Organ	55-77 (G3-F5)	Organ	41-62 (F2-D4)
12.35_Kyrie,_Tema_I	1: 4/2	1: 0	12	12	96	12	12	96	591	250	68	0	0	42	d	1635	1635	Bärenreiter Verlag (https://imslp.org/wiki/Special:ReverseLookup/39823)	Girolamo Frescobaldi	La Messa della Madonna	2	Kyrie, Tema I	Op.12				MDCXXXV	2018-11-18	3.02	Microsoft Windows			La Messa della Madonna, 2: Kyrie, Tema I	from Fiori Musicali	Girolamo Frescobaldi	3.6.2	2.2.2	MS3	MS3/12.35_Kyrie,_Tema_I.mscx	False	43-77 (G2-F5)	Q209212	1635	1635	https://www.wikidata.org/wiki/Q3072749	https://musicbrainz.org/work/ab40f086-3c2a-46f6-bc11-0f7b4eb04fcc	https://viaf.org/viaf/179864547/	https://imslp.org/wiki/Fiori_Musicali,_Op.12_(Frescobaldi,_Girolamo)	https://imslp.org/wiki/Special:ReverseLookup/39823	Voice		Organ	60-77 (C4-F5)	Organ	43-65 (G2-F4)	Organ	60-77 (C4-F5)	Organ	43-65 (G2-F4)
12.36_Kyrie,_Tema_K	1: 4/2	1: 0	13	13	104	13	13	104	686	352	101	0	0	46	d	1635	1635	Bärenreiter Verlag (https://imslp.org/wiki/Special:ReverseLookup/39823)	Girolamo Frescobaldi	La Messa della Madonna	3	Kyrie, Tema K	Op.12				MDCXXXV	2018-11-18	3.02	Microsoft Windows			La Messa della Madonna, 3: Kyrie, Tema K	from Fiori Musicali	Girolamo Frescobaldi	3.6.2	2.2.2	MS3	MS3/12.36_Kyrie,_Tema_K.mscx	False	41-77 (F2-F5)	Q209212	1635	1635	https://www.wikidata.org/wiki/Q3072749	https://musicbrainz.org/work/75180d31-a2d1-4229-a695-a51c42286abf	https://viaf.org/viaf/179864547/	https://imslp.org/wiki/Fiori_Musicali,_Op.12_(Frescobaldi,_Girolamo)	https://imslp.org/wiki/Special:ReverseLookup/39823	Voice		Organ	55-77 (G3-F5)	Organ	41-64 (F2-E4)	Organ	55-77 (G3-F5)	Organ	41-64 (F2-E4)
12.37_Christe,_Tema_L	1: 4/2	1: 0	14	14	112	14	14	112	677	354	104	0	0	61	d	1635	1635	Bärenreiter Verlag (https://imslp.org/wiki/Special:ReverseLookup/39823)	Girolamo Frescobaldi	La Messa della Madonna	4	Christe, Tema L	Op.12				MDCXXXV	2018-11-18	3.02	Microsoft Windows			La Messa della Madonna, 4: Christe, Tema L	from Fiori Musicali	Girolamo Frescobaldi	3.6.2	2.2.2	MS3	MS3/12.37_Christe,_Tema_L.mscx	False	45-74 (A2-D5)	Q209212	1635	1635	https://www.wikidata.org/wiki/Q3072749	https://musicbrainz.org/work/d86cb61e-189c-41c4-8808-dc3d90fa1967	https://viaf.org/viaf/179864547/	https://imslp.org/wiki/Fiori_Musicali,_Op.12_(Frescobaldi,_Girolamo)	https://imslp.org/wiki/Special:ReverseLookup/39823	Voice		Organ	57-74 (A3-D5)	Organ	45-64 (A2-E4)	Organ	57-74 (A3-D5)	Organ	45-64 (A2-E4)
12.38_Christe,_Tema_M	1: 4/2	1: 0	12	12	96	12	12	96	646	310	90	0	0	40	d	1635	1635	Bärenreiter Verlag (https://imslp.org/wiki/Special:ReverseLookup/39823)	Girolamo Frescobaldi	La Messa della Madonna	5	Christe, Tema M	Op.12				MDCXXXV	2018-11-18	3.02	Microsoft Windows			La Messa della Madonna, 5: Christe, Tema M	from Fiori Musicali	Girolamo Frescobaldi	3.6.2	2.2.2	MS3	MS3/12.38_Christe,_Tema_M.mscx	False	43-77 (G2-F5)	Q209212	1635	1635	https://www.wikidata.org/wiki/Q3072749	https://musicbrainz.org/work/eb31bb76-bb54-47ff-878d-79751ddbae5a	https://viaf.org/viaf/179864547/	https://imslp.org/wiki/Fiori_Musicali,_Op.12_(Frescobaldi,_Girolamo)	https://imslp.org/wiki/Special:ReverseLookup/39823	Voice		Organ	57-77 (A3-F5)	Organ	43-62 (G2-D4)	Organ	57-77 (A3-F5)	Organ	43-62 (G2-D4)
12.39_Kyrie,_Tema_N	1: 4/2	1: 0	12	12	96	12	12	96	570	272	64	0	0	34	d	1635	1635	Bärenreiter Verlag (https://imslp.org/wiki/Special:ReverseLookup/39823)	Girolamo Frescobaldi	La Messa della Madonna	6	Kyrie, Tema N	Op.12				MDCXXXV	2018-11-18	3.02	Microsoft Windows			La Messa della Madonna, 6: Kyrie, Tema N	from Fiori Musicali	Girolamo Frescobaldi	3.6.2	2.2.2	MS3	MS3/12.39_Kyrie,_Tema_N.mscx	False	43-76 (G2-E5)	Q209212	1635	1635	https://www.wikidata.org/wiki/Q3072749	https://musicbrainz.org/work/6e251035-13b4-4619-81c2-7ee1fe76040c	https://viaf.org/viaf/179864547/	https://imslp.org/wiki/Fiori_Musicali,_Op.12_(Frescobaldi,_Girolamo)	https://imslp.org/wiki/Special:ReverseLookup/39823	Voice		Organ	57-76 (A3-E5)	Organ	43-64 (G2-E4)	Organ	57-76 (A3-E5)	Organ	43-64 (G2-E4)
12.40_Kyrie,_Tema_O	1: 4/2	1: 0	9	9	72	9	9	72	492	312	82	0	0	53	d	1635	1635	Bärenreiter Verlag (https://imslp.org/wiki/Special:ReverseLookup/39823)	Girolamo Frescobaldi	La Messa della Madonna	7	Kyrie, Tema O	Op.12				MDCXXXV	2018-11-18	3.02	Microsoft Windows			La Messa della Madonna, 7: Kyrie, Tema O	from Fiori Musicali	Girolamo Frescobaldi	3.6.2	2.2.2	MS3	MS3/12.40_Kyrie,_Tema_O.mscx	False	45-77 (A2-F5)	Q209212	1635	1635	https://www.wikidata.org/wiki/Q3072749	https://musicbrainz.org/work/e37ac6f0-8af2-47ad-8c5f-13733805a709	https://viaf.org/viaf/179864547/	https://imslp.org/wiki/Fiori_Musicali,_Op.12_(Frescobaldi,_Girolamo)	https://imslp.org/wiki/Special:ReverseLookup/39823	Voice		Organ	57-77 (A3-F5)	Organ	45-64 (A2-E4)	Organ	57-77 (A3-F5)	Organ	45-64 (A2-E4)
12.41_Canzon_dopo_l'Epistola	1: 4/4, 26: 8/4, 27: 4/4, 28: 3/4	1: -1	49	49	178	49	49	178	1105	1229	341	0	0	126	g	1635	1635	Bärenreiter Verlag (https://imslp.org/wiki/Special:ReverseLookup/39823)	Girolamo Frescobaldi	La Messa della Madonna	8	Canzon dopo l’Epistola	Op.12				MDCXXXV	2018-11-18	3.02	Microsoft Windows			La Messa della Madonna, 8: Canzon dopo l’Epistola	from Fiori Musicali	Girolamo Frescobaldi	3.6.2	2.2.2	MS3	MS3/12.41_Canzon_dopo_l'Epistola.mscx	False	41-77 (F2-F5)	Q209212	1635	1635	https://www.wikidata.org/wiki/Q3072749	https://musicbrainz.org/work/02abce1f-079a-4f49-a33a-94bb089e0196	https://viaf.org/viaf/179864547/	https://imslp.org/wiki/Fiori_Musicali,_Op.12_(Frescobaldi,_Girolamo)	https://imslp.org/wiki/Special:ReverseLookup/39823	Voice		Organ	55-77 (G3-F5)	Organ	41-65 (F2-F4)	Organ	55-77 (G3-F5)	Organ	41-65 (F2-F4)
12.42_Recercar_dopo_il_Credo	1: 4/2, 28: 2/2, 29: 4/2	1: -1	46	46	364	46	46	364	2204.5	1186	375	0	0	156	g	1635	1635	Bärenreiter Verlag (https://imslp.org/wiki/Special:ReverseLookup/39823)	Girolamo Frescobaldi	La Messa della Madonna	9	Recercar dopo il Credo	Op.12				MDCXXXV	2018-11-18	3.02	Microsoft Windows			La Messa della Madonna, 9: Recercar dopo il Credo	from Fiori Musicali	Girolamo Frescobaldi	3.6.2	2.2.2	MS3	MS3/12.42_Recercar_dopo_il_Credo.mscx	False	43-77 (G2-F5)	Q209212	1635	1635	https://www.wikidata.org/wiki/Q3072749	https://musicbrainz.org/work/3545d2fe-012f-47af-9407-ee41dee41ae4	https://viaf.org/viaf/179864547/	https://imslp.org/wiki/Fiori_Musicali,_Op.12_(Frescobaldi,_Girolamo)	https://imslp.org/wiki/Special:ReverseLookup/39823	Voice		Organ	55-77 (G3-F5)	Organ	43-65 (G2-F4)	Organ	55-77 (G3-F5)	Organ	43-65 (G2-F4)
12.43_Toccata_avanti_il_Recercar	1: 4/4	1: 0	14	14	56	14	14	56	367	345	142	0	0	38	a	1635	1635	Bärenreiter Verlag (https://imslp.org/wiki/Special:ReverseLookup/39823)	Girolamo Frescobaldi	La Messa della Madonna	10	Toccata avanti il Recercar	Op.12				MDCXXXV	2018-11-18	3.02	Microsoft Windows			La Messa della Madonna, 10: Toccata avanti il Recercar	from Fiori Musicali	Girolamo Frescobaldi	3.6.2	2.2.2	MS3	MS3/12.43_Toccata_avanti_il_Recercar.mscx	False	45-77 (A2-F5)	Q209212	1635	1635	https://www.wikidata.org/wiki/Q3072749	https://musicbrainz.org/work/a0e581f3-6fba-4424-95dc-ca773003f29a	https://viaf.org/viaf/179864547/	https://imslp.org/wiki/Fiori_Musicali,_Op.12_(Frescobaldi,_Girolamo)	https://imslp.org/wiki/Special:ReverseLookup/39823	Voice		Organ	57-77 (A3-F5)	Organ	45-64 (A2-E4)	Organ	57-77 (A3-F5)	Organ	45-64 (A2-E4)
12.44_Recercar_con_obligo_di_cantare_la_quinta_parte_non_senza_toccarla	1: 2/1, 2: 8/1, 3: 4/2	1: 0	59	59	496	59	59	496	3138	1424	390	0	0	202	a	1635	1635	Bärenreiter Verlag (https://imslp.org/wiki/Special:ReverseLookup/39823)	Girolamo Frescobaldi	La Messa della Madonna	11	Recercar con obligo di cantare la quinta parte non senza toccarla	Op.12				MDCXXXV	2018-11-18	3.02	Microsoft Windows			La Messa della Madonna, 11: Recercar con obligo di cantare la quinta parte non senza toccarla	from Fiori Musicali	Girolamo Frescobaldi	3.6.2	2.2.2	MS3	MS3/12.44_Recercar_con_obligo_di_cantare_la_quinta_parte_non_senza_toccarla.mscx	False	33-77 (A1-F5)	Q209212	1635	1635	https://www.wikidata.org/wiki/Q3072749	https://musicbrainz.org/work/05c313dd-27b7-48e1-bc05-c0535bd982e2	https://viaf.org/viaf/179864547/	https://imslp.org/wiki/Fiori_Musicali,_Op.12_(Frescobaldi,_Girolamo)	https://imslp.org/wiki/Special:ReverseLookup/39823	Voice	57-64 (A3-E4)	Organ	57-77 (A3-F5)	Organ	33-65 (A1-F4)	Organ	57-77 (A3-F5)	Organ	33-65 (A1-F4)
12.45_Toccata_per_l'Elevatione	1: 4/2, 7: 2/2, 16: 4/2, 17: 4/4	1: 0	24	24	124	24	24	124	875.5	567	179	1	0	85	e	1635	1635	Bärenreiter Verlag (https://imslp.org/wiki/Special:ReverseLookup/39823)	Girolamo Frescobaldi	La Messa della Madonna	12	Toccata per l'Elevatione	Op.12				MDCXXXV	2018-11-18	3.02	Microsoft Windows			La Messa della Madonna, 12: Toccata per l'Elevatione	from Fiori Musicali	Girolamo Frescobaldi	3.6.2	2.2.2	MS3	MS3/12.45_Toccata_per_l'Elevatione.mscx	False	43-76 (G2-E5)	Q209212	1635	1635	https://www.wikidata.org/wiki/Q3072749	https://musicbrainz.org/work/261a9473-b4d4-4f03-86a6-334c8a6d1720	https://viaf.org/viaf/179864547/	https://imslp.org/wiki/Fiori_Musicali,_Op.12_(Frescobaldi,_Girolamo)	https://imslp.org/wiki/Special:ReverseLookup/39823	Voice		Organ	53-76 (F3-E5)	Organ	43-64 (G2-E4)	Organ	53-76 (F3-E5)	Organ	43-64 (G2-E4)
12.46_Bergamasca	1: 4/2, 17: 2/2, 18: 3/2, 40: 2/2, 41: 4/4, 42: 8/4, 44: 4/4, 45: 8/4, 47: 4/4, 49: 8/4, 53: 4/4, 54: 3/2, 86: 6/2, 87: 4/4, 88: 8/4, 91: 4/4, 92: 8/4, 94: 4/4, 97: 8/4, 100: 4/4, 107: 12/4, 108: 4/4, 117: 8/4, 118: 4/4	1: 0	124	124	752	124	124	752	4645.83	3230	945	0	0	415	G	1635	1635	Bärenreiter Verlag (https://imslp.org/wiki/Special:ReverseLookup/39823)	Girolamo Frescobaldi	Bergamasca			Op.12				MDCXXXV	2018-11-18	3.02	Microsoft Windows			Bergamasca	from Fiori Musicali	Girolamo Frescobaldi	3.6.2	2.2.2	MS3	MS3/12.46_Bergamasca.mscx	False	43-77 (G2-F5)	Q209212	1635	1635	https://www.wikidata.org/wiki/Q3072749	https://musicbrainz.org/work/c4e8c7f4-1d5b-4883-9254-56f0801c1253	https://viaf.org/viaf/179864547/	https://imslp.org/wiki/Fiori_Musicali,_Op.12_(Frescobaldi,_Girolamo)	https://imslp.org/wiki/Special:ReverseLookup/39823	Voice		Organ	54-77 (F#3-F5)	Organ	43-64 (G2-E4)	Organ	54-77 (F#3-F5)	Organ	43-64 (G2-E4)
12.47_Capriccio_sopra_la_Girolmeta	1: 4/2, 33: 2/2, 34: 3/2, 45: 12/4, 46: 6/4, 47: 4/4, 49: 8/4, 50: 4/4, 68: 8/4, 69: 4/4, 71: 8/4, 72: 4/4, 85: 8/4, 86: 3/4, 94: 6/4	1: 0	102	102	594	102	102	594	3587.5	2562	751	0	0	375	G	1635	1635	Bärenreiter Verlag (https://imslp.org/wiki/Special:ReverseLookup/39823)	Girolamo Frescobaldi	Capriccio sopra la Girolmeta			Op.12				MDCXXXV	2018-11-18	3.02	Microsoft Windows			Capriccio sopra la Girolmeta	from Fiori Musicali	Girolamo Frescobaldi	3.6.2	2.2.2	MS3	MS3/12.47_Capriccio_sopra_la_Girolmeta.mscx	False	40-79 (E2-G5)	Q209212	1635	1635	https://www.wikidata.org/wiki/Q3072749	https://musicbrainz.org/work/583c6d73-028c-4bfe-bfec-9218b81b362e	https://viaf.org/viaf/179864547/	https://imslp.org/wiki/Fiori_Musicali,_Op.12_(Frescobaldi,_Girolamo)	https://imslp.org/wiki/Special:ReverseLookup/39823	Voice		Organ	52-79 (E3-G5)	Organ	40-64 (E2-E4)	Organ	52-79 (E3-G5)	Organ	40-64 (E2-E4)
